Score,Decision,Actual_Class
-6.824735975179996,NO_MATCH,Genuine
-0.34709515391451085,NO_MATCH,Genuine
15.392568093668835,MATCH,Genuine
39.692202778376135,MATCH,Genuine
32.98301682234072,MATCH,Genuine
-24.880996644514525,NO_MATCH,Genuine
45.30430050794664,MATCH,Genuine
1.5036437095690403,NO_MATCH,Genuine
13.841179400137941,MATCH,Genuine
4.183558322143033,NO_MATCH,Genuine
-47.30275842769278,NO_MATCH,Genuine
17.69877098169146,MATCH,Genuine
39.7293612620027,MATCH,Genuine
3.1832371404846356,NO_MATCH,Genuine
13.40797504336503,MATCH,Genuine
50.39254332394975,MATCH,Genuine
59.84780395962236,MATCH,Genuine
-4.808296547827122,NO_MATCH,Genuine
25.001565541450578,MATCH,Genuine
10.482822060189163,NO_MATCH,Genuine
12.996870132839117,MATCH,Genuine
-15.84371596842249,NO_MATCH,Genuine
8.701433220545715,NO_MATCH,Genuine
16.067258402407244,MATCH,Genuine
17.778247218396867,MATCH,Genuine
2.965653257983634,NO_MATCH,Genuine
48.218494134675,MATCH,Genuine
18.337503169776802,MATCH,Genuine
9.723652980689955,NO_MATCH,Genuine
48.46091565432118,MATCH,Genuine
48.24476116837849,MATCH,Genuine
22.48087751484529,MATCH,Genuine
34.99908155996641,MATCH,Genuine
21.481592948653976,MATCH,Genuine
-15.66855786554602,NO_MATCH,Genuine
-19.50408758238169,NO_MATCH,Genuine
25.223349853896412,MATCH,Genuine
15.734208676034024,MATCH,Genuine
25.13667768511467,MATCH,Genuine
7.551045355022427,NO_MATCH,Genuine
72.22465663054801,MATCH,Genuine
86.06038847077191,MATCH,Genuine
38.83347059134906,MATCH,Genuine
49.902018904224384,MATCH,Genuine
32.05200877939657,MATCH,Genuine
30.150183327379516,MATCH,Genuine
5.780625356401963,NO_MATCH,Genuine
11.37826377591578,NO_MATCH,Genuine
-15.976578764626653,NO_MATCH,Genuine
84.71248841389927,MATCH,Genuine
-4.740110578320813,NO_MATCH,Genuine
24.25223148239363,MATCH,Genuine
9.55039089910755,NO_MATCH,Genuine
21.50391890541949,MATCH,Genuine
70.5469539183889,MATCH,Genuine
8.273634604885906,NO_MATCH,Genuine
-12.02758694392749,NO_MATCH,Genuine
22.99070713443854,MATCH,Genuine
23.004782842592846,MATCH,Genuine
-15.41654677276015,NO_MATCH,Genuine
46.29189274332225,MATCH,Genuine
17.12040281800881,MATCH,Genuine
22.46726801188047,MATCH,Genuine
31.67990557521991,MATCH,Genuine
42.85832254694805,MATCH,Genuine
13.806743075763608,MATCH,Genuine
33.932972790252755,MATCH,Genuine
-8.57408948586515,NO_MATCH,Genuine
-4.852480462906155,NO_MATCH,Genuine
38.40200724761142,MATCH,Genuine
18.34521629043578,MATCH,Genuine
21.666942831649777,MATCH,Genuine
-5.0896323882842305,NO_MATCH,Genuine
2.671842330574552,NO_MATCH,Genuine
41.10864316230748,MATCH,Genuine
6.3947558870623045,NO_MATCH,Genuine
-11.742437394280328,NO_MATCH,Genuine
12.138206467473921,MATCH,Genuine
24.223000656344947,MATCH,Genuine
27.68762854600686,MATCH,Genuine
21.708366606987184,MATCH,Genuine
22.640299618172044,MATCH,Genuine
16.30869778467143,MATCH,Genuine
-4.518974284770896,NO_MATCH,Genuine
31.884841335871627,MATCH,Genuine
10.699617970411927,NO_MATCH,Genuine
61.08288261666294,MATCH,Genuine
12.071590556972549,MATCH,Genuine
35.68290210444348,MATCH,Genuine
13.68776085772469,MATCH,Genuine
48.766659280583035,MATCH,Genuine
10.690672568282865,NO_MATCH,Genuine
59.56207971872289,MATCH,Genuine
5.808886992394241,NO_MATCH,Genuine
-18.597129566881573,NO_MATCH,Genuine
6.221626448125635,NO_MATCH,Genuine
83.83663526083073,MATCH,Genuine
14.678112860598235,MATCH,Genuine
-1.5536458366987793,NO_MATCH,Genuine
15.154481936289386,MATCH,Genuine
41.131294790391614,MATCH,Genuine
10.927739288243316,NO_MATCH,Genuine
-7.691257611089579,NO_MATCH,Genuine
60.83490568921292,MATCH,Genuine
7.606797679083848,NO_MATCH,Genuine
69.44889003444555,MATCH,Genuine
26.258629219739486,MATCH,Genuine
22.597098730986865,MATCH,Genuine
-10.721097998505119,NO_MATCH,Genuine
73.15493810418702,MATCH,Genuine
-18.476144758782375,NO_MATCH,Genuine
23.60174104102961,MATCH,Genuine
13.728963898924276,MATCH,Genuine
-40.65965539183638,NO_MATCH,Genuine
14.898373196678717,MATCH,Genuine
-14.724763600080905,NO_MATCH,Genuine
-2.5736665965840726,NO_MATCH,Genuine
-10.978181442753378,NO_MATCH,Genuine
39.50797210591909,MATCH,Genuine
-17.611919656501144,NO_MATCH,Genuine
-9.648605551034597,NO_MATCH,Genuine
33.84561868124665,MATCH,Genuine
6.274120424867202,NO_MATCH,Genuine
50.04561868479628,MATCH,Genuine
112.9284971016752,MATCH,Genuine
40.292673000143616,MATCH,Genuine
13.15220599189056,MATCH,Genuine
5.249437994560108,NO_MATCH,Genuine
-14.117345980647737,NO_MATCH,Genuine
12.909055659809335,MATCH,Genuine
-24.3752406077129,NO_MATCH,Genuine
8.329005276296558,NO_MATCH,Genuine
5.390266450532984,NO_MATCH,Genuine
34.630598723456636,MATCH,Genuine
35.57857468787001,MATCH,Genuine
-6.629650369388886,NO_MATCH,Genuine
-9.42437165675994,NO_MATCH,Genuine
47.940289912808275,MATCH,Genuine
24.192830021980516,MATCH,Genuine
-30.647003783627813,NO_MATCH,Genuine
42.92958759954283,MATCH,Genuine
63.84278798828292,MATCH,Genuine
52.447175763074284,MATCH,Genuine
-1.4881894821311055,NO_MATCH,Genuine
25.486474735110576,MATCH,Genuine
46.148925992635476,MATCH,Genuine
-18.188305134647383,NO_MATCH,Genuine
-13.197090593464855,NO_MATCH,Genuine
82.75230997781827,MATCH,Genuine
50.501649698989766,MATCH,Genuine
41.024895920833025,MATCH,Genuine
40.287653525979934,MATCH,Genuine
41.98118166060299,MATCH,Genuine
-7.517015793736822,NO_MATCH,Genuine
30.67130446150967,MATCH,Genuine
29.225568795801024,MATCH,Genuine
9.021443914162075,NO_MATCH,Genuine
90.97006175885608,MATCH,Genuine
24.105914372982316,MATCH,Genuine
15.522792258758145,MATCH,Genuine
1.0873895535688187,NO_MATCH,Genuine
-49.000091945756175,NO_MATCH,Genuine
17.177008454630222,MATCH,Genuine
19.143566227404627,MATCH,Genuine
-9.249344701198044,NO_MATCH,Genuine
29.20247914490779,MATCH,Genuine
49.351441280696896,MATCH,Genuine
58.28323421158051,MATCH,Genuine
25.813355129679245,MATCH,Genuine
-1.0379357830747198,NO_MATCH,Genuine
26.8359772906091,MATCH,Genuine
40.85407191146688,MATCH,Genuine
28.378933955537967,MATCH,Genuine
18.00228280243859,MATCH,Genuine
-6.042344196478414,NO_MATCH,Genuine
23.84703237070394,MATCH,Genuine
53.16038681237675,MATCH,Genuine
14.95104523287923,MATCH,Genuine
-22.12902230262071,NO_MATCH,Genuine
-4.950191407735701,NO_MATCH,Genuine
-9.826095938495772,NO_MATCH,Genuine
16.69643558184998,MATCH,Genuine
42.976600023987515,MATCH,Genuine
1.324998001782598,NO_MATCH,Genuine
-22.493840338578607,NO_MATCH,Genuine
-0.9861124078430268,NO_MATCH,Genuine
42.20895273317472,MATCH,Genuine
-0.40312302240962106,NO_MATCH,Genuine
-22.823934632066674,NO_MATCH,Genuine
13.643465869037323,MATCH,Genuine
15.341129446631479,MATCH,Genuine
22.526704106195897,MATCH,Genuine
23.486355069833607,MATCH,Genuine
36.808634740540256,MATCH,Genuine
34.861728583727626,MATCH,Genuine
45.4123351056717,MATCH,Genuine
-1.7399030915796039,NO_MATCH,Genuine
9.184687606796198,NO_MATCH,Genuine
-3.3582643341884375,NO_MATCH,Genuine
23.853802708783583,MATCH,Genuine
12.626053546133296,MATCH,Genuine
-27.84427970681254,NO_MATCH,Genuine
54.07401681368772,MATCH,Genuine
48.149015348380985,MATCH,Genuine
66.09457844278852,MATCH,Genuine
51.200733087407514,MATCH,Genuine
29.42505724734436,MATCH,Genuine
-9.628117324779595,NO_MATCH,Genuine
43.39707043554771,MATCH,Genuine
55.78819604790493,MATCH,Genuine
38.295829641921145,MATCH,Genuine
89.28848213146985,MATCH,Genuine
6.090281723545374,NO_MATCH,Genuine
-29.794971629831743,NO_MATCH,Genuine
-0.0137175994799563,NO_MATCH,Genuine
3.9475278258400515,NO_MATCH,Genuine
38.383620940023846,MATCH,Genuine
37.90857999043378,MATCH,Genuine
-5.5152555900375395,NO_MATCH,Genuine
-7.297346415742602,NO_MATCH,Genuine
64.24681342828318,MATCH,Genuine
32.454688851855714,MATCH,Genuine
18.734785123979353,MATCH,Genuine
12.266444215154394,MATCH,Genuine
35.452828079905714,MATCH,Genuine
33.515266641172,MATCH,Genuine
14.314284790691335,MATCH,Genuine
-21.211846573975915,NO_MATCH,Genuine
30.532480189289764,MATCH,Genuine
-7.221099713717186,NO_MATCH,Genuine
2.758098297809403,NO_MATCH,Genuine
-0.20106258324130127,NO_MATCH,Genuine
3.6320578079084926,NO_MATCH,Genuine
-14.034527779246451,NO_MATCH,Genuine
-6.483387865173377,NO_MATCH,Genuine
-24.81508958456637,NO_MATCH,Genuine
42.790833913858755,MATCH,Genuine
90.00420019762603,MATCH,Genuine
46.13213548622952,MATCH,Genuine
43.36299113074171,MATCH,Genuine
60.640276453369694,MATCH,Genuine
38.83232602179553,MATCH,Genuine
48.255039443308256,MATCH,Genuine
5.1540979102511715,NO_MATCH,Genuine
22.707907895066015,MATCH,Genuine
18.114402932680115,MATCH,Genuine
5.586827726828533,NO_MATCH,Genuine
16.891969872259864,MATCH,Genuine
-22.67356016472082,NO_MATCH,Genuine
-15.112314542579922,NO_MATCH,Genuine
5.506645552794222,NO_MATCH,Genuine
25.046616051969483,MATCH,Genuine
28.729187017102248,MATCH,Genuine
26.817571423977114,MATCH,Genuine
31.654730560402932,MATCH,Genuine
-31.824160816491087,NO_MATCH,Genuine
8.34837924859303,NO_MATCH,Genuine
1.0437434399498593,NO_MATCH,Genuine
0.06458786843792315,NO_MATCH,Genuine
27.633772131174357,MATCH,Genuine
94.96265816712693,MATCH,Genuine
4.399073850028346,NO_MATCH,Genuine
16.363976997671482,MATCH,Genuine
42.34526561659399,MATCH,Genuine
36.404863945207325,MATCH,Genuine
14.510737323168103,MATCH,Genuine
41.16508522125424,MATCH,Genuine
16.409101790712207,MATCH,Genuine
9.113317976206428,NO_MATCH,Genuine
32.87758724313129,MATCH,Genuine
28.699743820881704,MATCH,Genuine
-18.83962745045273,NO_MATCH,Genuine
3.496842100665905,NO_MATCH,Genuine
-15.643638463091156,NO_MATCH,Genuine
13.20419667970942,MATCH,Genuine
25.52313740311868,MATCH,Genuine
68.17361854812462,MATCH,Genuine
-4.482082270774019,NO_MATCH,Genuine
-9.366265330358289,NO_MATCH,Genuine
-2.162834013124593,NO_MATCH,Genuine
5.682625544094486,NO_MATCH,Genuine
-0.902021103618568,NO_MATCH,Genuine
-18.230593666259978,NO_MATCH,Genuine
-18.72291153629536,NO_MATCH,Genuine
24.521730877372462,MATCH,Genuine
33.86979990801956,MATCH,Genuine
-23.772470094464758,NO_MATCH,Genuine
17.02240460307642,MATCH,Genuine
20.583660363469644,MATCH,Genuine
42.35051903717824,MATCH,Genuine
51.76502453500124,MATCH,Genuine
26.415605465556105,MATCH,Genuine
26.72631968024681,MATCH,Genuine
6.538982852513013,NO_MATCH,Genuine
24.631407422264683,MATCH,Genuine
22.19076813649439,MATCH,Genuine
31.70629453567005,MATCH,Genuine
-42.91439866784824,NO_MATCH,Genuine
-45.42550456000784,NO_MATCH,Genuine
48.43662920918595,MATCH,Genuine
-23.018859878705417,NO_MATCH,Genuine
24.23992544450018,MATCH,Genuine
14.26123408214949,MATCH,Genuine
22.859382201718976,MATCH,Genuine
38.7104948059101,MATCH,Genuine
17.683404449134326,MATCH,Genuine
52.06580084081201,MATCH,Genuine
52.96573495631318,MATCH,Genuine
23.35215336888896,MATCH,Genuine
-4.275018094239331,NO_MATCH,Genuine
6.261195417320869,NO_MATCH,Genuine
-1.9996133982609743,NO_MATCH,Genuine
-3.8676635534821857,NO_MATCH,Genuine
45.622120762423506,MATCH,Genuine
-9.147233588331565,NO_MATCH,Genuine
28.29822928043398,MATCH,Genuine
31.562128507580535,MATCH,Genuine
-26.509029896745478,NO_MATCH,Genuine
27.26010775734505,MATCH,Genuine
17.457145180929334,MATCH,Genuine
44.2483050887367,MATCH,Genuine
17.22217358928758,MATCH,Genuine
72.72787395137081,MATCH,Genuine
-11.570279735574942,NO_MATCH,Genuine
17.596469852192698,MATCH,Genuine
7.331602723819427,NO_MATCH,Genuine
23.722904545028932,MATCH,Genuine
59.1218012272113,MATCH,Genuine
30.881269480186628,MATCH,Genuine
23.77297908970149,MATCH,Genuine
-30.206421282753478,NO_MATCH,Genuine
11.601128501557074,MATCH,Genuine
30.322825996415716,MATCH,Genuine
-4.46352084388528,NO_MATCH,Genuine
65.64803853892936,MATCH,Genuine
8.618560181160158,NO_MATCH,Genuine
-18.185482984994728,NO_MATCH,Genuine
39.640149315134565,MATCH,Genuine
43.03769668609751,MATCH,Genuine
7.45901978350622,NO_MATCH,Genuine
20.247887812437423,MATCH,Genuine
34.83797698900219,MATCH,Genuine
66.31025253142498,MATCH,Genuine
-15.490482018010933,NO_MATCH,Genuine
14.768946180801187,MATCH,Genuine
72.91054272919547,MATCH,Genuine
60.99243868441502,MATCH,Genuine
26.687254525947697,MATCH,Genuine
51.190568768830126,MATCH,Genuine
6.996121959088411,NO_MATCH,Genuine
-14.29174192556829,NO_MATCH,Genuine
-2.9731130422030385,NO_MATCH,Genuine
10.247211546335073,NO_MATCH,Genuine
-4.725434017960517,NO_MATCH,Genuine
-3.338449916837998,NO_MATCH,Genuine
23.693129096235825,MATCH,Genuine
31.781375659728518,MATCH,Genuine
18.777043238143992,MATCH,Genuine
4.565264823512841,NO_MATCH,Genuine
24.988543833484286,MATCH,Genuine
6.0953893873236105,NO_MATCH,Genuine
19.95093729071708,MATCH,Genuine
5.557257777057263,NO_MATCH,Genuine
17.76809604977126,MATCH,Genuine
115.35497764171333,MATCH,Genuine
79.68994650647775,MATCH,Genuine
108.32481027116832,MATCH,Genuine
56.9737863856768,MATCH,Genuine
-0.27069821358341684,NO_MATCH,Genuine
-11.62581444731924,NO_MATCH,Genuine
55.6563813230943,MATCH,Genuine
95.49194317507063,MATCH,Genuine
-13.974208986785484,NO_MATCH,Genuine
21.204848739136924,MATCH,Genuine
79.71937575050148,MATCH,Genuine
30.576806875949785,MATCH,Genuine
61.41204179721106,MATCH,Genuine
32.1744219968412,MATCH,Genuine
-13.60864661767995,NO_MATCH,Genuine
-11.317378328586148,NO_MATCH,Genuine
-8.467035576403925,NO_MATCH,Genuine
28.682963574780242,MATCH,Genuine
10.288544704530377,NO_MATCH,Genuine
38.29845081367298,MATCH,Genuine
7.426822424593262,NO_MATCH,Genuine
2.5899227953423845,NO_MATCH,Genuine
-26.145599538122845,NO_MATCH,Genuine
74.15388747323662,MATCH,Genuine
-13.864826745648946,NO_MATCH,Genuine
10.055164540370924,NO_MATCH,Genuine
63.03737266064497,MATCH,Genuine
31.165984214670317,MATCH,Genuine
-17.294870266922572,NO_MATCH,Genuine
-14.404461976124447,NO_MATCH,Genuine
-5.405018596397326,NO_MATCH,Genuine
8.517420918759827,NO_MATCH,Genuine
8.505706606489273,NO_MATCH,Genuine
49.34536044646184,MATCH,Genuine
31.025111461015086,MATCH,Genuine
-11.415040117708742,NO_MATCH,Genuine
-2.841454919786271,NO_MATCH,Genuine
27.26988877076328,MATCH,Genuine
99.63161159962411,MATCH,Genuine
62.404288731237955,MATCH,Genuine
3.099582247512529,NO_MATCH,Genuine
-9.873801763404098,NO_MATCH,Genuine
0.8458176279373223,NO_MATCH,Genuine
36.93866490257866,MATCH,Genuine
32.90495785437428,MATCH,Genuine
24.430939085613502,MATCH,Genuine
30.46125807882815,MATCH,Genuine
42.38079799753871,MATCH,Genuine
20.160486913731866,MATCH,Genuine
51.54909246479769,MATCH,Genuine
12.318424332537093,MATCH,Genuine
12.77365256662103,MATCH,Genuine
-13.968674393182445,NO_MATCH,Genuine
60.26703877768926,MATCH,Genuine
73.57829419300404,MATCH,Genuine
-2.4556886226135175,NO_MATCH,Genuine
67.2846539834799,MATCH,Genuine
39.49165633132301,MATCH,Genuine
28.279604806831422,MATCH,Genuine
33.55033201058258,MATCH,Genuine
6.369632315233793,NO_MATCH,Genuine
12.875854546840309,MATCH,Genuine
-4.234375150244665,NO_MATCH,Genuine
-2.733835554746171,NO_MATCH,Genuine
24.603743689582725,MATCH,Genuine
15.273846321157402,MATCH,Genuine
29.56838801376472,MATCH,Genuine
21.537013740841,MATCH,Genuine
46.377960537537554,MATCH,Genuine
9.929390287468795,NO_MATCH,Genuine
27.19920833745041,MATCH,Genuine
77.77050614103192,MATCH,Genuine
113.98168933545378,MATCH,Genuine
27.131763731149096,MATCH,Genuine
25.816288216334453,MATCH,Genuine
58.93853862762387,MATCH,Genuine
32.1919806047832,MATCH,Genuine
4.503092968123587,NO_MATCH,Genuine
12.604021112797382,MATCH,Genuine
22.69515650375513,MATCH,Genuine
44.215715358005156,MATCH,Genuine
-17.990395439964153,NO_MATCH,Genuine
12.675993302310799,MATCH,Genuine
25.452132009350944,MATCH,Genuine
33.47365243326417,MATCH,Genuine
19.117499314389807,MATCH,Genuine
8.017172631338815,NO_MATCH,Genuine
-21.85523005596212,NO_MATCH,Genuine
-9.45632337121493,NO_MATCH,Genuine
-10.438166472923305,NO_MATCH,Genuine
16.910202055000944,MATCH,Genuine
11.15878047740333,NO_MATCH,Genuine
42.09097598366312,MATCH,Genuine
16.234058673728473,MATCH,Genuine
30.025854305343334,MATCH,Genuine
43.65674685554956,MATCH,Genuine
11.295736439900987,NO_MATCH,Genuine
41.77632834255641,MATCH,Genuine
-20.353866621527008,NO_MATCH,Genuine
41.04218216663295,MATCH,Genuine
-2.3416899653544694,NO_MATCH,Genuine
20.067803941660976,MATCH,Genuine
79.9195998758722,MATCH,Genuine
6.078054324139512,NO_MATCH,Genuine
37.798327892971855,MATCH,Genuine
2.0695331737419322,NO_MATCH,Genuine
11.268762803893848,NO_MATCH,Genuine
67.1100510309327,MATCH,Genuine
13.896717813472119,MATCH,Genuine
-11.136297380786576,NO_MATCH,Genuine
25.193190487541294,MATCH,Genuine
9.566887477994397,NO_MATCH,Genuine
5.746048799509889,NO_MATCH,Genuine
35.077751958915506,MATCH,Genuine
3.365553840988999,NO_MATCH,Genuine
34.65150727639275,MATCH,Genuine
25.306470798651404,MATCH,Genuine
25.658413176767763,MATCH,Genuine
44.97592938713018,MATCH,Genuine
5.430095301953302,NO_MATCH,Genuine
25.32276790664046,MATCH,Genuine
-2.8620846989989457,NO_MATCH,Genuine
2.9193971998063777,NO_MATCH,Genuine
46.57914931466487,MATCH,Genuine
-7.060815918795234,NO_MATCH,Genuine
73.16817232698192,MATCH,Genuine
57.1099105575195,MATCH,Genuine
15.222653565944865,MATCH,Genuine
12.162837724959589,MATCH,Genuine
62.974036645641355,MATCH,Genuine
20.01043384995553,MATCH,Genuine
11.900511706202785,MATCH,Genuine
-15.844848640021471,NO_MATCH,Genuine
95.0614699485089,MATCH,Genuine
92.5067617745426,MATCH,Genuine
-4.856835080772012,NO_MATCH,Genuine
32.30044564027686,MATCH,Genuine
-3.1395532058748894,NO_MATCH,Genuine
37.379460727056724,MATCH,Genuine
23.58271532154918,MATCH,Genuine
2.567169020911381,NO_MATCH,Genuine
-4.401064912835323,NO_MATCH,Genuine
-59.9693629047924,NO_MATCH,Genuine
-5.600599328404581,NO_MATCH,Genuine
31.68434850361587,MATCH,Genuine
18.83925299022945,MATCH,Genuine
-7.10462727231619,NO_MATCH,Genuine
3.572445121733788,NO_MATCH,Genuine
26.871453711867876,MATCH,Genuine
23.579692659350172,MATCH,Genuine
9.337534207598582,NO_MATCH,Genuine
28.21542397039074,MATCH,Genuine
41.0487314211949,MATCH,Genuine
8.474263232526065,NO_MATCH,Genuine
30.9977293106252,MATCH,Genuine
46.69228469137096,MATCH,Genuine
18.129485187497625,MATCH,Genuine
19.59063703613624,MATCH,Genuine
13.575397995406055,MATCH,Genuine
20.18966148495911,MATCH,Genuine
26.49223708637314,MATCH,Genuine
40.010418553722566,MATCH,Genuine
-6.345799113604591,NO_MATCH,Genuine
46.22958980296369,MATCH,Genuine
3.2601817282368786,NO_MATCH,Genuine
2.710867741208063,NO_MATCH,Genuine
24.212206195906493,MATCH,Genuine
64.45826816203434,MATCH,Genuine
-16.574670999301855,NO_MATCH,Genuine
40.64839778844754,MATCH,Genuine
11.691087404694077,MATCH,Genuine
16.590325944020968,MATCH,Genuine
61.25612618609953,MATCH,Genuine
5.268372878936565,NO_MATCH,Genuine
1.9859994852260403,NO_MATCH,Genuine
6.744622244625982,NO_MATCH,Genuine
7.859516484102944,NO_MATCH,Genuine
-25.464022752671827,NO_MATCH,Genuine
10.254347844079971,NO_MATCH,Genuine
28.529655520625838,MATCH,Genuine
11.869435052960577,MATCH,Genuine
-9.32660989670736,NO_MATCH,Genuine
8.216578905991934,NO_MATCH,Genuine
6.29387196930451,NO_MATCH,Genuine
-6.484868401948282,NO_MATCH,Genuine
71.80451487907321,MATCH,Genuine
18.52432312412456,MATCH,Genuine
34.290258605206326,MATCH,Genuine
14.561427563170414,MATCH,Genuine
29.86138445873047,MATCH,Genuine
16.709756323881994,MATCH,Genuine
15.03166696710004,MATCH,Genuine
17.296783766553936,MATCH,Genuine
7.186068763458052,NO_MATCH,Genuine
39.21425142093256,MATCH,Genuine
55.737761757905595,MATCH,Genuine
37.046713035281165,MATCH,Genuine
45.88181176863388,MATCH,Genuine
-0.9089262405194618,NO_MATCH,Genuine
26.75759643562142,MATCH,Genuine
-0.5044279711682143,NO_MATCH,Genuine
8.332239163107355,NO_MATCH,Genuine
-1.7487091441587725,NO_MATCH,Genuine
4.968373336594046,NO_MATCH,Genuine
63.92297751458982,MATCH,Genuine
35.98994725279899,MATCH,Genuine
26.33642473603631,MATCH,Genuine
18.516113889158394,MATCH,Genuine
-2.646209311576878,NO_MATCH,Genuine
-11.390701438923992,NO_MATCH,Genuine
58.05832283430899,MATCH,Genuine
12.147028951659793,MATCH,Genuine
-0.9028941478560019,NO_MATCH,Genuine
32.69318934093714,MATCH,Genuine
46.44412350101089,MATCH,Genuine
-32.0260881176461,NO_MATCH,Genuine
39.18282965847874,MATCH,Genuine
-4.842003103633982,NO_MATCH,Genuine
22.713566788962964,MATCH,Genuine
74.5324884922777,MATCH,Genuine
41.7144125636601,MATCH,Genuine
-13.822521604328106,NO_MATCH,Genuine
40.89597394232056,MATCH,Genuine
20.95657264707388,MATCH,Genuine
33.097528911088475,MATCH,Genuine
-13.909119513551396,NO_MATCH,Genuine
6.138426105235781,NO_MATCH,Genuine
-12.092616004932959,NO_MATCH,Genuine
28.997790141305984,MATCH,Genuine
51.0407495128973,MATCH,Genuine
-7.124134922724298,NO_MATCH,Genuine
28.145754305484402,MATCH,Genuine
115.36001206280137,MATCH,Genuine
22.288761927225448,MATCH,Genuine
12.66822206485867,MATCH,Genuine
34.296653879679816,MATCH,Genuine
92.07252146433609,MATCH,Genuine
34.39765861934742,MATCH,Genuine
-5.278824386088384,NO_MATCH,Genuine
22.826555355700762,MATCH,Genuine
-3.7226261904172064,NO_MATCH,Genuine
47.16957797604614,MATCH,Genuine
-10.592943988023238,NO_MATCH,Genuine
56.94193175423116,MATCH,Genuine
45.16514998439158,MATCH,Genuine
7.726330469336037,NO_MATCH,Genuine
8.486915942300646,NO_MATCH,Genuine
8.408734463697325,NO_MATCH,Genuine
13.284630103663392,MATCH,Genuine
-2.860607635921688,NO_MATCH,Genuine
112.88293243290562,MATCH,Genuine
35.340457260090766,MATCH,Genuine
40.38401375316625,MATCH,Genuine
15.65645646056126,MATCH,Genuine
35.10455492479367,MATCH,Genuine
23.531555477521632,MATCH,Genuine
42.461198912345736,MATCH,Genuine
6.496366604575499,NO_MATCH,Genuine
32.18097083986734,MATCH,Genuine
97.02076650808392,MATCH,Genuine
-7.5394614347467614,NO_MATCH,Genuine
-18.65469511251391,NO_MATCH,Genuine
36.918638253518615,MATCH,Genuine
36.691717220791055,MATCH,Genuine
36.61519361137379,MATCH,Genuine
19.90445690523697,MATCH,Genuine
30.04284522588201,MATCH,Genuine
-15.162414675578127,NO_MATCH,Genuine
16.19322767895292,MATCH,Genuine
-4.888056964257104,NO_MATCH,Genuine
68.69533326103844,MATCH,Genuine
54.1708506851405,MATCH,Genuine
29.982772644722427,MATCH,Genuine
39.80983317504347,MATCH,Genuine
-3.4019716629793755,NO_MATCH,Genuine
75.07617375786371,MATCH,Genuine
10.538833432705538,NO_MATCH,Genuine
36.083934828688704,MATCH,Genuine
34.86952800712767,MATCH,Genuine
-6.975366350865166,NO_MATCH,Genuine
59.24206036223967,MATCH,Genuine
2.49948827524128,NO_MATCH,Genuine
8.853940999988593,NO_MATCH,Genuine
46.70028237917167,MATCH,Genuine
26.862523563254122,MATCH,Genuine
87.66972507595136,MATCH,Genuine
18.380762498775063,MATCH,Genuine
22.72273852842425,MATCH,Genuine
67.31905479111903,MATCH,Genuine
11.888623260771826,MATCH,Genuine
30.18281509232059,MATCH,Genuine
44.84266494806451,MATCH,Genuine
41.36623016624027,MATCH,Genuine
55.495989130927235,MATCH,Genuine
19.91776810233282,MATCH,Genuine
40.177224360649724,MATCH,Genuine
29.60831396988882,MATCH,Genuine
34.10886996832788,MATCH,Genuine
16.30120076607042,MATCH,Genuine
-5.545649960381709,NO_MATCH,Genuine
-10.183287476527301,NO_MATCH,Genuine
-29.453360696172666,NO_MATCH,Genuine
13.40180095235805,MATCH,Genuine
-5.6040339398948475,NO_MATCH,Genuine
-2.3026279278574617,NO_MATCH,Genuine
-3.074965032876112,NO_MATCH,Genuine
-22.063817615189343,NO_MATCH,Genuine
56.9705825347575,MATCH,Genuine
17.180331783062705,MATCH,Genuine
25.700832313779035,MATCH,Genuine
43.017864960346905,MATCH,Genuine
52.13821260572318,MATCH,Genuine
33.729291139716516,MATCH,Genuine
36.478752434514064,MATCH,Genuine
20.404032310537097,MATCH,Genuine
57.32860452554563,MATCH,Genuine
20.58295806267435,MATCH,Genuine
65.68486962451615,MATCH,Genuine
14.450295244909103,MATCH,Genuine
1.9312283793451346,NO_MATCH,Genuine
29.779303512589717,MATCH,Genuine
41.39907711952323,MATCH,Genuine
31.17803733554368,MATCH,Genuine
32.69823293404318,MATCH,Genuine
-14.269827278362644,NO_MATCH,Genuine
18.417280095257244,MATCH,Genuine
-32.0720007161726,NO_MATCH,Genuine
26.523697315890903,MATCH,Genuine
10.579601671807245,NO_MATCH,Genuine
56.03341487717249,MATCH,Genuine
36.81119838835407,MATCH,Genuine
34.23994704618813,MATCH,Genuine
-1.6323965784701617,NO_MATCH,Genuine
-22.952256371382028,NO_MATCH,Genuine
42.039888960787636,MATCH,Genuine
16.067239648097345,MATCH,Genuine
40.462133709541725,MATCH,Genuine
34.291725950675705,MATCH,Genuine
-8.388729329713003,NO_MATCH,Genuine
70.96750881171458,MATCH,Genuine
7.732500079223214,NO_MATCH,Genuine
-6.744996871995788,NO_MATCH,Genuine
35.97233301673836,MATCH,Genuine
36.33583590906307,MATCH,Genuine
7.049663710140538,NO_MATCH,Genuine
8.955160423301159,NO_MATCH,Genuine
40.351454816481,MATCH,Genuine
28.142741620190073,MATCH,Genuine
27.88104564981194,MATCH,Genuine
22.044540851758303,MATCH,Genuine
14.697621746812228,MATCH,Genuine
47.6367110220154,MATCH,Genuine
39.064889209364786,MATCH,Genuine
35.74588526908473,MATCH,Genuine
39.81647760943923,MATCH,Genuine
51.94145539176747,MATCH,Genuine
44.261257289552745,MATCH,Genuine
-9.03497528239971,NO_MATCH,Genuine
21.938041788808214,MATCH,Genuine
13.833535856264978,MATCH,Genuine
10.242583090994945,NO_MATCH,Genuine
-32.48275017039953,NO_MATCH,Genuine
-8.161939997950887,NO_MATCH,Genuine
43.893897193302294,MATCH,Genuine
37.02540900519746,MATCH,Genuine
25.967979959250172,MATCH,Genuine
13.535177968885424,MATCH,Genuine
42.33209224018504,MATCH,Genuine
59.416268606821305,MATCH,Genuine
-14.78385964928325,NO_MATCH,Genuine
7.369429828866203,NO_MATCH,Genuine
0.10906555309052937,NO_MATCH,Genuine
7.407282830170084,NO_MATCH,Genuine
53.94620839384159,MATCH,Genuine
22.91488133701745,MATCH,Genuine
94.30062494957005,MATCH,Genuine
28.720171509843738,MATCH,Genuine
73.32613350562748,MATCH,Genuine
55.46628809319468,MATCH,Genuine
1.6370485665805479,NO_MATCH,Genuine
19.263313508061408,MATCH,Genuine
-22.123385687119566,NO_MATCH,Genuine
17.39247369700157,MATCH,Genuine
50.10122646809085,MATCH,Genuine
11.468741492312827,NO_MATCH,Genuine
45.456801669780745,MATCH,Genuine
2.6466449510185255,NO_MATCH,Genuine
12.710786443752554,MATCH,Genuine
103.26806857009389,MATCH,Genuine
5.750524989494378,NO_MATCH,Genuine
40.39129537935809,MATCH,Genuine
-14.662134538464665,NO_MATCH,Genuine
26.178038099208763,MATCH,Genuine
6.604987503745709,NO_MATCH,Genuine
41.86473086700564,MATCH,Genuine
1.4002062641796607,NO_MATCH,Genuine
-5.550798335566443,NO_MATCH,Genuine
53.89687014778802,MATCH,Genuine
62.705838694722324,MATCH,Genuine
27.448449942363297,MATCH,Genuine
23.435769400260888,MATCH,Genuine
21.118604771020692,MATCH,Genuine
-7.310829720224991,NO_MATCH,Genuine
33.94031695763968,MATCH,Genuine
0.19876305401432848,NO_MATCH,Genuine
-10.803513513778315,NO_MATCH,Genuine
-22.58728038856924,NO_MATCH,Genuine
63.73099677854063,MATCH,Genuine
3.7829961601394158,NO_MATCH,Genuine
0.5877166991006649,NO_MATCH,Genuine
5.863580004969705,NO_MATCH,Genuine
19.4195123057803,MATCH,Genuine
83.31144774867946,MATCH,Genuine
24.565660429804154,MATCH,Genuine
8.233253048236168,NO_MATCH,Genuine
-47.158694756446536,NO_MATCH,Genuine
-0.07314065175437699,NO_MATCH,Genuine
42.70431392797643,MATCH,Genuine
-12.027522188857287,NO_MATCH,Genuine
36.88020191011348,MATCH,Genuine
7.368504525823291,NO_MATCH,Genuine
39.71687362365026,MATCH,Genuine
54.61769901665009,MATCH,Genuine
39.41862555780742,MATCH,Genuine
19.343462123180554,MATCH,Genuine
-4.883776141877891,NO_MATCH,Genuine
7.716883047293574,NO_MATCH,Genuine
-10.284424955715377,NO_MATCH,Genuine
45.63989277570303,MATCH,Genuine
18.257199133948593,MATCH,Genuine
38.58253083970516,MATCH,Genuine
118.90474097702658,MATCH,Genuine
3.4363690904073234,NO_MATCH,Genuine
-31.02501039023756,NO_MATCH,Genuine
22.875272211964454,MATCH,Genuine
21.393374417874885,MATCH,Genuine
-4.052510199372646,NO_MATCH,Genuine
35.13432593580715,MATCH,Genuine
37.4923952951418,MATCH,Genuine
12.213747981186973,MATCH,Genuine
29.1802220156241,MATCH,Genuine
42.52247241159038,MATCH,Genuine
72.62654041003876,MATCH,Genuine
54.04148015775403,MATCH,Genuine
64.69680248973037,MATCH,Genuine
0.03783498988224863,NO_MATCH,Genuine
23.944276316560373,MATCH,Genuine
16.252232042392084,MATCH,Genuine
53.86861145021926,MATCH,Genuine
21.654591747014834,MATCH,Genuine
105.39717245908334,MATCH,Genuine
22.066945542590446,MATCH,Genuine
19.91117228191693,MATCH,Genuine
9.378398930408594,NO_MATCH,Genuine
58.0319123887506,MATCH,Genuine
43.32895656992732,MATCH,Genuine
24.681427150627115,MATCH,Genuine
23.382129401601443,MATCH,Genuine
-6.615457517167608,NO_MATCH,Genuine
24.90077477973223,MATCH,Genuine
-0.15090042938779546,NO_MATCH,Genuine
-15.329794439632135,NO_MATCH,Genuine
14.896325340613098,MATCH,Genuine
34.33796755803654,MATCH,Genuine
7.857175789285455,NO_MATCH,Genuine
18.799805637629817,MATCH,Genuine
63.51182293894609,MATCH,Genuine
15.953145697260922,MATCH,Genuine
-6.636622172249951,NO_MATCH,Genuine
1.8534679487992913,NO_MATCH,Genuine
-3.417975054019132,NO_MATCH,Genuine
34.66990329416431,MATCH,Genuine
14.82461540655055,MATCH,Genuine
19.995773817276067,MATCH,Genuine
-5.3638902814881675,NO_MATCH,Genuine
43.93084215166173,MATCH,Genuine
29.320674248185348,MATCH,Genuine
55.16171640757705,MATCH,Genuine
18.847900200845388,MATCH,Genuine
51.15874612254475,MATCH,Genuine
37.93033254752368,MATCH,Genuine
4.899599712372886,NO_MATCH,Genuine
17.725158632728338,MATCH,Genuine
22.734437917251537,MATCH,Genuine
51.87158727354608,MATCH,Genuine
2.6369793739586034,NO_MATCH,Genuine
-4.5851121865503,NO_MATCH,Genuine
38.70228666123023,MATCH,Genuine
14.749140658889267,MATCH,Genuine
-17.58517888224326,NO_MATCH,Genuine
-15.353745964132806,NO_MATCH,Genuine
40.20825279258338,MATCH,Genuine
13.49471021327698,MATCH,Genuine
1.841006204488918,NO_MATCH,Genuine
81.29029952035728,MATCH,Genuine
-4.278754504083725,NO_MATCH,Genuine
1.0098149233726936,NO_MATCH,Genuine
17.25213586734516,MATCH,Genuine
34.02471335076845,MATCH,Genuine
21.51898009722991,MATCH,Genuine
39.551056524550305,MATCH,Genuine
7.948325970207251,NO_MATCH,Genuine
49.05426533827461,MATCH,Genuine
-8.92575501222835,NO_MATCH,Genuine
76.84943525989684,MATCH,Genuine
20.79522801697087,MATCH,Genuine
22.764338827496037,MATCH,Genuine
49.18013264885505,MATCH,Genuine
44.25536798299846,MATCH,Genuine
4.4704264393295015,NO_MATCH,Genuine
3.547629463386328,NO_MATCH,Genuine
51.02313202212326,MATCH,Genuine
46.19926421904476,MATCH,Genuine
0.8535351767050318,NO_MATCH,Genuine
14.588283001860907,MATCH,Genuine
50.38286415134967,MATCH,Genuine
50.732810342513154,MATCH,Genuine
9.859015655934153,NO_MATCH,Genuine
-0.3055163082699721,NO_MATCH,Genuine
10.66699821187721,NO_MATCH,Genuine
7.714318012516095,NO_MATCH,Genuine
-4.674419406765601,NO_MATCH,Genuine
-15.192257797019218,NO_MATCH,Genuine
-17.469470547383796,NO_MATCH,Genuine
58.32786153350631,MATCH,Genuine
30.91767707913179,MATCH,Genuine
30.36276652072889,MATCH,Genuine
106.02912598801838,MATCH,Genuine
4.752384012917028,NO_MATCH,Genuine
-11.057789789207916,NO_MATCH,Genuine
-17.530322719892514,NO_MATCH,Genuine
-17.1427746689283,NO_MATCH,Genuine
-14.727350919600834,NO_MATCH,Genuine
12.878579097634224,MATCH,Genuine
36.98439874721281,MATCH,Genuine
52.471053816089935,MATCH,Genuine
35.43231192069374,MATCH,Genuine
21.7043084829426,MATCH,Genuine
-4.961561733860826,NO_MATCH,Genuine
4.905813676834705,NO_MATCH,Genuine
41.494925045290564,MATCH,Genuine
34.79334695387693,MATCH,Genuine
-26.69419558673399,NO_MATCH,Genuine
98.64913059349693,MATCH,Genuine
34.48589780313823,MATCH,Genuine
-23.15714183708271,NO_MATCH,Genuine
36.07822754621207,MATCH,Genuine
36.5432605273469,MATCH,Genuine
41.219462546693805,MATCH,Genuine
-0.5952807152374568,NO_MATCH,Genuine
2.4624331058168765,NO_MATCH,Genuine
24.089249451528048,MATCH,Genuine
66.70958094901751,MATCH,Genuine
36.60568575373799,MATCH,Genuine
20.33292570420766,MATCH,Genuine
15.020764771405954,MATCH,Genuine
10.48657527204229,NO_MATCH,Genuine
35.29220207992589,MATCH,Genuine
28.71568682031886,MATCH,Genuine
31.88204424914168,MATCH,Genuine
30.674903221832665,MATCH,Genuine
44.024381185327684,MATCH,Genuine
6.3510968969634165,NO_MATCH,Genuine
33.8800528773612,MATCH,Genuine
59.50405326293515,MATCH,Genuine
-1.073293182919761,NO_MATCH,Genuine
-8.406965689359422,NO_MATCH,Genuine
49.11736894739903,MATCH,Genuine
34.27620375356004,MATCH,Genuine
11.393654745426975,NO_MATCH,Genuine
47.33911477799296,MATCH,Genuine
19.745692424182305,MATCH,Genuine
12.620247708971135,MATCH,Genuine
-11.85730858179401,NO_MATCH,Genuine
34.152784829914246,MATCH,Genuine
71.54955063204294,MATCH,Genuine
-21.85702910936758,NO_MATCH,Genuine
-9.686194663982162,NO_MATCH,Genuine
47.44066364334114,MATCH,Genuine
28.019032208243793,MATCH,Genuine
40.35837872196444,MATCH,Genuine
67.65270839174929,MATCH,Genuine
-0.22993312953358758,NO_MATCH,Genuine
-4.878404456546085,NO_MATCH,Genuine
41.019903096477776,MATCH,Genuine
46.580009606598175,MATCH,Genuine
-30.760912657355455,NO_MATCH,Genuine
17.044194319837985,MATCH,Genuine
8.748437869470783,NO_MATCH,Genuine
20.67247923231784,MATCH,Genuine
33.72754173448735,MATCH,Genuine
-9.038069317122188,NO_MATCH,Genuine
91.86994552534513,MATCH,Genuine
8.56791105583635,NO_MATCH,Genuine
23.037586491849282,MATCH,Genuine
31.44277758784199,MATCH,Genuine
25.17138896831991,MATCH,Genuine
28.92304682122409,MATCH,Genuine
91.62818257026096,MATCH,Genuine
61.941746974289465,MATCH,Genuine
19.305155149929696,MATCH,Genuine
-28.171093561600365,NO_MATCH,Genuine
90.20307652366637,MATCH,Genuine
41.52660268843742,MATCH,Genuine
5.725588417227235,NO_MATCH,Genuine
31.53666861045512,MATCH,Genuine
6.875061841152164,NO_MATCH,Genuine
49.720965222832156,MATCH,Genuine
46.684364099517545,MATCH,Genuine
-2.9477185782412096,NO_MATCH,Genuine
43.49597299092842,MATCH,Genuine
22.397866240436773,MATCH,Genuine
-24.2651652580886,NO_MATCH,Genuine
43.36608893373755,MATCH,Genuine
2.886386751905487,NO_MATCH,Genuine
26.151727037106546,MATCH,Genuine
-2.610375975871053,NO_MATCH,Genuine
-9.512973818672931,NO_MATCH,Genuine
5.233193290392057,NO_MATCH,Genuine
17.96917600330206,MATCH,Genuine
-5.410996319441826,NO_MATCH,Genuine
67.65033050211105,MATCH,Genuine
9.48283883798721,NO_MATCH,Genuine
93.03824237238454,MATCH,Genuine
6.722946689534203,NO_MATCH,Genuine
20.370684017611683,MATCH,Genuine
3.538776861261154,NO_MATCH,Genuine
51.60164783300671,MATCH,Genuine
-11.620187230367474,NO_MATCH,Genuine
13.554463022792289,MATCH,Genuine
10.991419998102408,NO_MATCH,Genuine
4.196202713053176,NO_MATCH,Genuine
31.151430807616926,MATCH,Genuine
-45.60741223521509,NO_MATCH,Genuine
-15.489634246240673,NO_MATCH,Genuine
33.64284289646057,MATCH,Genuine
31.86134970784794,MATCH,Impostor
12.873468708300088,MATCH,Impostor
-25.707051116935197,NO_MATCH,Impostor
21.391448229214557,MATCH,Impostor
-21.273531004422384,NO_MATCH,Impostor
0.8992273956235866,NO_MATCH,Impostor
-3.552995879460977,NO_MATCH,Impostor
16.87455948667232,MATCH,Impostor
-11.52550943900654,NO_MATCH,Impostor
-20.46818574747866,NO_MATCH,Impostor
10.223484959365873,NO_MATCH,Impostor
26.692616131198314,MATCH,Impostor
21.809549846700467,MATCH,Impostor
-21.83142677605143,NO_MATCH,Impostor
-52.67312939129743,NO_MATCH,Impostor
-11.969285199504084,NO_MATCH,Impostor
62.48779641686448,MATCH,Impostor
21.55547996374683,MATCH,Impostor
12.522265524835428,MATCH,Impostor
33.5939074923733,MATCH,Impostor
13.996947532171664,MATCH,Impostor
-3.61248077214,NO_MATCH,Impostor
9.895996092674457,NO_MATCH,Impostor
-32.93007690030184,NO_MATCH,Impostor
-17.49238443864768,NO_MATCH,Impostor
-0.051355458036637186,NO_MATCH,Impostor
-14.071120708647433,NO_MATCH,Impostor
10.614302953753093,NO_MATCH,Impostor
1.6228135597478965,NO_MATCH,Impostor
14.055467836967328,MATCH,Impostor
-10.059448672221368,NO_MATCH,Impostor
-4.05008794878861,NO_MATCH,Impostor
14.012499372147216,MATCH,Impostor
-15.52655068628497,NO_MATCH,Impostor
-30.423463042316854,NO_MATCH,Impostor
34.952882597333414,MATCH,Impostor
-6.426485826767424,NO_MATCH,Impostor
-8.0105127046787,NO_MATCH,Impostor
2.6617477660430975,NO_MATCH,Impostor
-1.194080938196829,NO_MATCH,Impostor
23.70666667497852,MATCH,Impostor
-15.095428165262556,NO_MATCH,Impostor
-33.27525919264043,NO_MATCH,Impostor
-18.76968856528919,NO_MATCH,Impostor
12.262010404730779,MATCH,Impostor
18.59899253185244,MATCH,Impostor
9.224253083568671,NO_MATCH,Impostor
-6.877415855896725,NO_MATCH,Impostor
-0.4886136554293575,NO_MATCH,Impostor
25.76541977096177,MATCH,Impostor
-12.919197744411479,NO_MATCH,Impostor
-1.7125648812195051,NO_MATCH,Impostor
16.822516737838864,MATCH,Impostor
-3.325775046898733,NO_MATCH,Impostor
-10.157840729340299,NO_MATCH,Impostor
-21.07276986629813,NO_MATCH,Impostor
16.46622904823044,MATCH,Impostor
0.15253933285131716,NO_MATCH,Impostor
-17.115984619853066,NO_MATCH,Impostor
36.98695877366081,MATCH,Impostor
3.948806861681304,NO_MATCH,Impostor
4.308996981254822,NO_MATCH,Impostor
27.885094473527257,MATCH,Impostor
-31.823349665741134,NO_MATCH,Impostor
-10.462670513036002,NO_MATCH,Impostor
-5.46281348441305,NO_MATCH,Impostor
-20.13138016466952,NO_MATCH,Impostor
-4.210890634403356,NO_MATCH,Impostor
14.530977663331349,MATCH,Impostor
5.0037746839144885,NO_MATCH,Impostor
2.9883695359666516,NO_MATCH,Impostor
-7.855013450304438,NO_MATCH,Impostor
-5.379680572009299,NO_MATCH,Impostor
27.894960301841166,MATCH,Impostor
2.219173919404522,NO_MATCH,Impostor
3.3829805676924,NO_MATCH,Impostor
18.425890631093726,MATCH,Impostor
8.623302735847245,NO_MATCH,Impostor
-4.391079187342092,NO_MATCH,Impostor
-17.036036149077685,NO_MATCH,Impostor
-21.89924436183873,NO_MATCH,Impostor
-27.63014324016923,NO_MATCH,Impostor
-23.536162297908675,NO_MATCH,Impostor
30.055105361918493,MATCH,Impostor
-39.47572977089826,NO_MATCH,Impostor
45.28620958567641,MATCH,Impostor
12.035141935859816,MATCH,Impostor
-7.793154921413585,NO_MATCH,Impostor
15.032094391050062,MATCH,Impostor
6.622206400066168,NO_MATCH,Impostor
47.03372868894088,MATCH,Impostor
-20.390193232085274,NO_MATCH,Impostor
-10.180069522934367,NO_MATCH,Impostor
-1.1613501149284693,NO_MATCH,Impostor
18.80165819969131,MATCH,Impostor
31.17909023668348,MATCH,Impostor
28.62562933289041,MATCH,Impostor
1.8764705525205603,NO_MATCH,Impostor
7.013581158694783,NO_MATCH,Impostor
1.2422802564117261,NO_MATCH,Impostor
11.712183769335049,MATCH,Impostor
-13.134358449154254,NO_MATCH,Impostor
-13.635782943694085,NO_MATCH,Impostor
-27.986466670910087,NO_MATCH,Impostor
25.79977549536973,MATCH,Impostor
23.9369632059096,MATCH,Impostor
-5.795766972572147,NO_MATCH,Impostor
24.208045130100942,MATCH,Impostor
-1.2208069635539793,NO_MATCH,Impostor
18.711660298762716,MATCH,Impostor
7.338124445881964,NO_MATCH,Impostor
4.558175224778496,NO_MATCH,Impostor
-4.865256435858416,NO_MATCH,Impostor
-36.91587531131939,NO_MATCH,Impostor
28.792861311027668,MATCH,Impostor
-4.935909621354574,NO_MATCH,Impostor
12.805888768167826,MATCH,Impostor
3.315248975344951,NO_MATCH,Impostor
51.11823612461303,MATCH,Impostor
2.1485286581297007,NO_MATCH,Impostor
-12.492753984513286,NO_MATCH,Impostor
24.44256457690139,MATCH,Impostor
17.973044088226178,MATCH,Impostor
50.11546993070362,MATCH,Impostor
-36.4228072163611,NO_MATCH,Impostor
-8.717649187743422,NO_MATCH,Impostor
4.89210993562264,NO_MATCH,Impostor
3.0273559024170327,NO_MATCH,Impostor
-19.96797557805352,NO_MATCH,Impostor
-10.636599406981729,NO_MATCH,Impostor
22.9355686757208,MATCH,Impostor
9.012376613097967,NO_MATCH,Impostor
-17.4919244366751,NO_MATCH,Impostor
-7.630723537017543,NO_MATCH,Impostor
19.133717486819556,MATCH,Impostor
-14.046902771788448,NO_MATCH,Impostor
-30.134905670644862,NO_MATCH,Impostor
19.707863430051614,MATCH,Impostor
28.791008141562592,MATCH,Impostor
-12.672248963729528,NO_MATCH,Impostor
7.9719482284261,NO_MATCH,Impostor
-9.855416307208554,NO_MATCH,Impostor
-19.96741859317803,NO_MATCH,Impostor
17.674432114248496,MATCH,Impostor
-22.146449184509027,NO_MATCH,Impostor
-24.04265343438675,NO_MATCH,Impostor
-27.9421113876005,NO_MATCH,Impostor
-18.939874214861007,NO_MATCH,Impostor
-27.95743299697628,NO_MATCH,Impostor
-2.7688112608681967,NO_MATCH,Impostor
34.59551199222358,MATCH,Impostor
-3.2773156297293378,NO_MATCH,Impostor
-6.169595337079464,NO_MATCH,Impostor
-41.92834544487992,NO_MATCH,Impostor
16.697380787651692,MATCH,Impostor
-4.407098204505563,NO_MATCH,Impostor
1.3045484270582623,NO_MATCH,Impostor
0.3016981041228313,NO_MATCH,Impostor
-16.473774080133403,NO_MATCH,Impostor
-2.755433960668766,NO_MATCH,Impostor
-29.314551765357475,NO_MATCH,Impostor
19.9290480841513,MATCH,Impostor
-4.559794689882511,NO_MATCH,Impostor
0.4001928213458628,NO_MATCH,Impostor
10.61482537312402,NO_MATCH,Impostor
-6.618873962442533,NO_MATCH,Impostor
1.9525838168875456,NO_MATCH,Impostor
-27.429215970117884,NO_MATCH,Impostor
-0.6850844876135821,NO_MATCH,Impostor
-23.30873791564466,NO_MATCH,Impostor
19.80436174647396,MATCH,Impostor
29.66498973775204,MATCH,Impostor
22.14341466861442,MATCH,Impostor
30.034813977429287,MATCH,Impostor
-46.18269543196173,NO_MATCH,Impostor
-21.406036716884397,NO_MATCH,Impostor
-4.571891115163169,NO_MATCH,Impostor
3.1792335470057056,NO_MATCH,Impostor
-6.917310185995793,NO_MATCH,Impostor
13.084808085505887,MATCH,Impostor
10.753024526314354,NO_MATCH,Impostor
-34.01368340562901,NO_MATCH,Impostor
-0.654452652358788,NO_MATCH,Impostor
-15.568452646601461,NO_MATCH,Impostor
5.767414081183264,NO_MATCH,Impostor
7.3265474226447544,NO_MATCH,Impostor
-20.20227082492663,NO_MATCH,Impostor
-19.983132139163118,NO_MATCH,Impostor
10.065091624616251,NO_MATCH,Impostor
22.271928401905704,MATCH,Impostor
6.769560396267515,NO_MATCH,Impostor
9.823062951880285,NO_MATCH,Impostor
-25.544593089881324,NO_MATCH,Impostor
-2.2829362004061977,NO_MATCH,Impostor
10.426164188209821,NO_MATCH,Impostor
12.592664050349303,MATCH,Impostor
-6.253340770699438,NO_MATCH,Impostor
-11.824099239360487,NO_MATCH,Impostor
4.717533229033174,NO_MATCH,Impostor
4.840884239043356,NO_MATCH,Impostor
21.493663169533356,MATCH,Impostor
-20.826658567911853,NO_MATCH,Impostor
-28.017369576878117,NO_MATCH,Impostor
33.83747676189278,MATCH,Impostor
53.82002903926298,MATCH,Impostor
-31.24396286523309,NO_MATCH,Impostor
-35.40400699782559,NO_MATCH,Impostor
-3.5931915884794914,NO_MATCH,Impostor
-6.543459020481111,NO_MATCH,Impostor
38.80007730871908,MATCH,Impostor
-21.91685541686071,NO_MATCH,Impostor
-21.778229053944653,NO_MATCH,Impostor
4.08403722913684,NO_MATCH,Impostor
3.6020052681967174,NO_MATCH,Impostor
0.18085044345252052,NO_MATCH,Impostor
12.381159353791464,MATCH,Impostor
47.716690222657185,MATCH,Impostor
-8.08670623310634,NO_MATCH,Impostor
-8.396504527100308,NO_MATCH,Impostor
-9.137826634633472,NO_MATCH,Impostor
11.980973105615796,MATCH,Impostor
9.044162549540735,NO_MATCH,Impostor
14.307156071160199,MATCH,Impostor
0.5784955014727224,NO_MATCH,Impostor
-7.662345584976057,NO_MATCH,Impostor
-6.158209118859248,NO_MATCH,Impostor
-11.92886765567488,NO_MATCH,Impostor
34.31338565468329,MATCH,Impostor
23.327870353697797,MATCH,Impostor
3.395063721233871,NO_MATCH,Impostor
12.563707718724922,MATCH,Impostor
-17.550256985966886,NO_MATCH,Impostor
2.0923998858709414,NO_MATCH,Impostor
13.177328825425887,MATCH,Impostor
8.350915952251155,NO_MATCH,Impostor
5.3021484032783155,NO_MATCH,Impostor
6.735291843472801,NO_MATCH,Impostor
-4.6398246769479705,NO_MATCH,Impostor
7.96625436050715,NO_MATCH,Impostor
-5.628412427063479,NO_MATCH,Impostor
-7.303426825983281,NO_MATCH,Impostor
5.230106273634749,NO_MATCH,Impostor
3.758968071736141,NO_MATCH,Impostor
3.4849353654559647,NO_MATCH,Impostor
36.895094863970684,MATCH,Impostor
26.199799369621978,MATCH,Impostor
16.323988965885242,MATCH,Impostor
24.950232694085575,MATCH,Impostor
44.47530770210293,MATCH,Impostor
19.981523728959463,MATCH,Impostor
1.2754363538672262,NO_MATCH,Impostor
-3.7418450114332353,NO_MATCH,Impostor
7.272642460343099,NO_MATCH,Impostor
3.2020331650124714,NO_MATCH,Impostor
14.119950532642504,MATCH,Impostor
10.819804819588448,NO_MATCH,Impostor
5.088713529913647,NO_MATCH,Impostor
-7.603643297557663,NO_MATCH,Impostor
11.887501910096633,MATCH,Impostor
-22.051606116906655,NO_MATCH,Impostor
4.861005731720196,NO_MATCH,Impostor
-5.968553069954034,NO_MATCH,Impostor
14.216243719191123,MATCH,Impostor
-15.27396210206107,NO_MATCH,Impostor
-7.449316143731265,NO_MATCH,Impostor
-21.38230500890801,NO_MATCH,Impostor
-9.611738281438805,NO_MATCH,Impostor
-7.220974831174109,NO_MATCH,Impostor
25.731738732301885,MATCH,Impostor
-0.1414315854478732,NO_MATCH,Impostor
-15.058654760565847,NO_MATCH,Impostor
-6.215759562016279,NO_MATCH,Impostor
8.560714661634005,NO_MATCH,Impostor
-4.7851528762317255,NO_MATCH,Impostor
-1.09319840828992,NO_MATCH,Impostor
-2.6847304105104546,NO_MATCH,Impostor
18.995404557794185,MATCH,Impostor
-14.163587775191516,NO_MATCH,Impostor
9.091396414457675,NO_MATCH,Impostor
-30.66180778629358,NO_MATCH,Impostor
30.86547235378688,MATCH,Impostor
13.064286491829472,MATCH,Impostor
13.461477153480027,MATCH,Impostor
-11.328651531800984,NO_MATCH,Impostor
10.47290806118089,NO_MATCH,Impostor
23.335097651821847,MATCH,Impostor
44.23534899181892,MATCH,Impostor
-39.433378399214234,NO_MATCH,Impostor
-14.339979037422346,NO_MATCH,Impostor
-14.370339894286031,NO_MATCH,Impostor
1.9894596487699492,NO_MATCH,Impostor
-21.75375388490646,NO_MATCH,Impostor
-5.918068058161452,NO_MATCH,Impostor
5.494508323723821,NO_MATCH,Impostor
-9.150945185093537,NO_MATCH,Impostor
-7.937537227574008,NO_MATCH,Impostor
-26.35585145040046,NO_MATCH,Impostor
39.02526613700177,MATCH,Impostor
37.984489124271384,MATCH,Impostor
-21.412693512994686,NO_MATCH,Impostor
-0.20329647183170935,NO_MATCH,Impostor
-7.138613163196725,NO_MATCH,Impostor
-5.126963861366403,NO_MATCH,Impostor
5.386431362682178,NO_MATCH,Impostor
7.492215296653098,NO_MATCH,Impostor
9.002568512824721,NO_MATCH,Impostor
-18.673787711648075,NO_MATCH,Impostor
5.330099026172061,NO_MATCH,Impostor
4.969811733689659,NO_MATCH,Impostor
10.220047775651356,NO_MATCH,Impostor
-5.211957141327265,NO_MATCH,Impostor
23.425316928398267,MATCH,Impostor
-17.68807237725955,NO_MATCH,Impostor
-9.329547978922593,NO_MATCH,Impostor
6.805725482547886,NO_MATCH,Impostor
2.82284408318343,NO_MATCH,Impostor
-0.24420025817197524,NO_MATCH,Impostor
-1.0656417623309107,NO_MATCH,Impostor
10.399856659749982,NO_MATCH,Impostor
9.067953122764884,NO_MATCH,Impostor
15.725820172044054,MATCH,Impostor
24.20894203052595,MATCH,Impostor
-30.448773170811407,NO_MATCH,Impostor
-26.77699133915802,NO_MATCH,Impostor
6.845063254280224,NO_MATCH,Impostor
2.753280495820217,NO_MATCH,Impostor
10.234325118124167,NO_MATCH,Impostor
35.151363181921326,MATCH,Impostor
-11.441471656242724,NO_MATCH,Impostor
36.22548161505277,MATCH,Impostor
-31.608165526642182,NO_MATCH,Impostor
12.487908257690851,MATCH,Impostor
-6.594741796772516,NO_MATCH,Impostor
6.6422236750029935,NO_MATCH,Impostor
4.80913092324505,NO_MATCH,Impostor
-16.340660120799512,NO_MATCH,Impostor
24.429319832590817,MATCH,Impostor
-16.08559635482143,NO_MATCH,Impostor
5.388022388642907,NO_MATCH,Impostor
21.568715236257525,MATCH,Impostor
-8.5048232691901,NO_MATCH,Impostor
-30.338328297016947,NO_MATCH,Impostor
-40.289324176241976,NO_MATCH,Impostor
29.1135180926276,MATCH,Impostor
2.583545148914765,NO_MATCH,Impostor
-20.53502219173239,NO_MATCH,Impostor
-6.861699981414129,NO_MATCH,Impostor
-6.737751863920797,NO_MATCH,Impostor
39.0315205069543,MATCH,Impostor
2.8709356099397407,NO_MATCH,Impostor
8.34110994943146,NO_MATCH,Impostor
-14.49384825141063,NO_MATCH,Impostor
16.402441966189414,MATCH,Impostor
43.12835354294475,MATCH,Impostor
-30.541110910198142,NO_MATCH,Impostor
-7.455265253146875,NO_MATCH,Impostor
-2.004595210899672,NO_MATCH,Impostor
-35.024741699659444,NO_MATCH,Impostor
-18.49046150026405,NO_MATCH,Impostor
-6.411083028277567,NO_MATCH,Impostor
-0.2560222964259835,NO_MATCH,Impostor
24.769917833362058,MATCH,Impostor
-2.7410655852866475,NO_MATCH,Impostor
-0.5731510374557085,NO_MATCH,Impostor
-4.866105603218431,NO_MATCH,Impostor
56.66639564111486,MATCH,Impostor
23.822557127348283,MATCH,Impostor
1.8511500308863815,NO_MATCH,Impostor
17.334357119834316,MATCH,Impostor
-1.1331603460283484,NO_MATCH,Impostor
38.41455681992355,MATCH,Impostor
-25.724438271030085,NO_MATCH,Impostor
1.5455006425197366,NO_MATCH,Impostor
31.833898197142336,MATCH,Impostor
35.11550860494092,MATCH,Impostor
30.776793760059952,MATCH,Impostor
-6.776378046268607,NO_MATCH,Impostor
-1.9527596881847729,NO_MATCH,Impostor
-10.118531388244527,NO_MATCH,Impostor
-13.424188551772177,NO_MATCH,Impostor
4.5728878916772056,NO_MATCH,Impostor
-16.197397216632552,NO_MATCH,Impostor
9.75789328006549,NO_MATCH,Impostor
16.10907087267795,MATCH,Impostor
-0.15185371277389284,NO_MATCH,Impostor
13.15617193017517,MATCH,Impostor
-0.2892804563012292,NO_MATCH,Impostor
-43.69789811620405,NO_MATCH,Impostor
1.5706350688241444,NO_MATCH,Impostor
-3.2721279846613496,NO_MATCH,Impostor
-29.91667890378701,NO_MATCH,Impostor
13.887663977450766,MATCH,Impostor
3.5014801838741865,NO_MATCH,Impostor
17.331303220431423,MATCH,Impostor
14.494607662720663,MATCH,Impostor
-18.816868251696402,NO_MATCH,Impostor
-12.710360781101445,NO_MATCH,Impostor
24.85335609234835,MATCH,Impostor
2.4045609110762847,NO_MATCH,Impostor
-10.427601649297772,NO_MATCH,Impostor
14.816598904558226,MATCH,Impostor
-49.28824141258556,NO_MATCH,Impostor
14.158898640504074,MATCH,Impostor
1.224770708059032,NO_MATCH,Impostor
-16.407575095675874,NO_MATCH,Impostor
-22.11115619687657,NO_MATCH,Impostor
-18.419254483581277,NO_MATCH,Impostor
25.409148202479557,MATCH,Impostor
-9.389326976930008,NO_MATCH,Impostor
7.5727488430341054,NO_MATCH,Impostor
-0.9971970336548561,NO_MATCH,Impostor
-2.54192621188019,NO_MATCH,Impostor
-7.193923326301169,NO_MATCH,Impostor
-18.14193243483526,NO_MATCH,Impostor
24.08455940850599,MATCH,Impostor
-26.089035562517235,NO_MATCH,Impostor
0.004974134377516526,NO_MATCH,Impostor
2.9138318851024856,NO_MATCH,Impostor
36.95500113589421,MATCH,Impostor
46.63250920092376,MATCH,Impostor
18.184989865739805,MATCH,Impostor
-5.339497838872457,NO_MATCH,Impostor
7.8738992871896265,NO_MATCH,Impostor
36.72523671728712,MATCH,Impostor
-7.798088641799482,NO_MATCH,Impostor
5.160742734394085,NO_MATCH,Impostor
0.6077480148736205,NO_MATCH,Impostor
6.467546185250495,NO_MATCH,Impostor
2.4208829178906366,NO_MATCH,Impostor
1.5199448681784717,NO_MATCH,Impostor
16.891796123624445,MATCH,Impostor
-6.748216378395709,NO_MATCH,Impostor
-1.0628109325333965,NO_MATCH,Impostor
-3.53165986822346,NO_MATCH,Impostor
16.2180546310213,MATCH,Impostor
-15.654592161620275,NO_MATCH,Impostor
-33.078649122689,NO_MATCH,Impostor
18.6106037882568,MATCH,Impostor
32.81593937612222,MATCH,Impostor
-32.244136643788686,NO_MATCH,Impostor
12.572301651463084,MATCH,Impostor
-1.8118542185152118,NO_MATCH,Impostor
-3.7449191463034937,NO_MATCH,Impostor
-15.444049439735124,NO_MATCH,Impostor
55.29103989999028,MATCH,Impostor
39.30328933942327,MATCH,Impostor
-13.479123552698134,NO_MATCH,Impostor
-6.564416219796688,NO_MATCH,Impostor
-8.699386581407504,NO_MATCH,Impostor
38.69054978469489,MATCH,Impostor
-19.992355835848638,NO_MATCH,Impostor
20.676823798337082,MATCH,Impostor
-9.231439337787428,NO_MATCH,Impostor
-5.08842056678329,NO_MATCH,Impostor
22.79520695913661,MATCH,Impostor
-32.167126754735946,NO_MATCH,Impostor
-17.93849099956798,NO_MATCH,Impostor
28.946407887724384,MATCH,Impostor
21.10822632264179,MATCH,Impostor
-38.54017568649903,NO_MATCH,Impostor
8.481653887613298,NO_MATCH,Impostor
-17.4455214067205,NO_MATCH,Impostor
-27.296562694727594,NO_MATCH,Impostor
-49.13466383700506,NO_MATCH,Impostor
28.746132861178527,MATCH,Impostor
-35.21737493171583,NO_MATCH,Impostor
-50.719293341803436,NO_MATCH,Impostor
21.850915745278567,MATCH,Impostor
3.5716376554315983,NO_MATCH,Impostor
13.90891539266259,MATCH,Impostor
4.366150951008676,NO_MATCH,Impostor
-9.157920774080209,NO_MATCH,Impostor
-35.02887842669126,NO_MATCH,Impostor
33.47725054508062,MATCH,Impostor
23.34415744738207,MATCH,Impostor
-14.897128987667793,NO_MATCH,Impostor
-26.725162504900435,NO_MATCH,Impostor
-18.803149122983424,NO_MATCH,Impostor
5.364556149108498,NO_MATCH,Impostor
-4.12876088101868,NO_MATCH,Impostor
-11.988017957128834,NO_MATCH,Impostor
-8.25224275919803,NO_MATCH,Impostor
11.609359008683409,MATCH,Impostor
14.186865811629065,MATCH,Impostor
-18.52247041157213,NO_MATCH,Impostor
-19.28830909970244,NO_MATCH,Impostor
20.899153641497712,MATCH,Impostor
-27.768417014433002,NO_MATCH,Impostor
-38.941828297101765,NO_MATCH,Impostor
21.848804626417174,MATCH,Impostor
-2.998269917762324,NO_MATCH,Impostor
7.002268310230008,NO_MATCH,Impostor
13.745468180910095,MATCH,Impostor
43.20652292996874,MATCH,Impostor
5.57995994242157,NO_MATCH,Impostor
-12.117491653448853,NO_MATCH,Impostor
-68.99073749999252,NO_MATCH,Impostor
-37.8159931565194,NO_MATCH,Impostor
17.07280262934856,MATCH,Impostor
19.160585940280527,MATCH,Impostor
18.484008567548763,MATCH,Impostor
-9.181184747540915,NO_MATCH,Impostor
2.1274827952838207,NO_MATCH,Impostor
-10.534923459832083,NO_MATCH,Impostor
0.010358805040426052,NO_MATCH,Impostor
20.952554594246102,MATCH,Impostor
-6.3620605105263826,NO_MATCH,Impostor
1.496195627360168,NO_MATCH,Impostor
-9.764587313732298,NO_MATCH,Impostor
6.198560823773254,NO_MATCH,Impostor
2.693003096771661,NO_MATCH,Impostor
-11.030132740055121,NO_MATCH,Impostor
3.4689160553294327,NO_MATCH,Impostor
3.6729434741475946,NO_MATCH,Impostor
5.2558813260644675,NO_MATCH,Impostor
25.8414448104355,MATCH,Impostor
-0.05074419693468736,NO_MATCH,Impostor
18.87013696975755,MATCH,Impostor
4.20127533563551,NO_MATCH,Impostor
-16.412812129033853,NO_MATCH,Impostor
29.40680585633219,MATCH,Impostor
26.16486844291385,MATCH,Impostor
2.501606382562665,NO_MATCH,Impostor
17.160985911797862,MATCH,Impostor
-8.104437042512561,NO_MATCH,Impostor
-0.6088164455073906,NO_MATCH,Impostor
-5.337923328464896,NO_MATCH,Impostor
-44.69914435271135,NO_MATCH,Impostor
-13.733077875410954,NO_MATCH,Impostor
10.778474381883639,NO_MATCH,Impostor
-6.384374086069707,NO_MATCH,Impostor
-12.333537886486852,NO_MATCH,Impostor
-20.73413805126398,NO_MATCH,Impostor
10.497023156979841,NO_MATCH,Impostor
-2.197662508163876,NO_MATCH,Impostor
-12.479638257203549,NO_MATCH,Impostor
-9.224525753230914,NO_MATCH,Impostor
26.073352473459078,MATCH,Impostor
5.826506885979876,NO_MATCH,Impostor
-10.724347656358084,NO_MATCH,Impostor
-25.00404251059975,NO_MATCH,Impostor
-25.688136737619228,NO_MATCH,Impostor
20.51683605117763,MATCH,Impostor
-4.363989188330484,NO_MATCH,Impostor
0.34031353616278437,NO_MATCH,Impostor
6.709540307908337,NO_MATCH,Impostor
0.7363341628772574,NO_MATCH,Impostor
2.001489959393488,NO_MATCH,Impostor
20.597349028075662,MATCH,Impostor
16.010495363870604,MATCH,Impostor
0.6988659891154277,NO_MATCH,Impostor
-12.491424299995865,NO_MATCH,Impostor
-2.644982110454995,NO_MATCH,Impostor
8.591256997337155,NO_MATCH,Impostor
-11.043794403421586,NO_MATCH,Impostor
9.3843810555006,NO_MATCH,Impostor
21.880209593586837,MATCH,Impostor
-8.868984403632405,NO_MATCH,Impostor
18.501685096423355,MATCH,Impostor
-7.138820093082826,NO_MATCH,Impostor
-22.598246266647273,NO_MATCH,Impostor
5.609635313337784,NO_MATCH,Impostor
-13.073552154706261,NO_MATCH,Impostor
-3.41964586242195,NO_MATCH,Impostor
0.32417302325854136,NO_MATCH,Impostor
20.386403092533012,MATCH,Impostor
-10.41823845619717,NO_MATCH,Impostor
-18.392722641679832,NO_MATCH,Impostor
24.141547867292303,MATCH,Impostor
-2.042332680505318,NO_MATCH,Impostor
-3.1380000535645167,NO_MATCH,Impostor
6.553416567071765,NO_MATCH,Impostor
50.87725579037735,MATCH,Impostor
-10.616309373045898,NO_MATCH,Impostor
40.18988634958026,MATCH,Impostor
-24.013776137337562,NO_MATCH,Impostor
-14.65336350187695,NO_MATCH,Impostor
-3.8682323616678445,NO_MATCH,Impostor
0.5319717846859671,NO_MATCH,Impostor
19.793085587603954,MATCH,Impostor
-14.680564663273493,NO_MATCH,Impostor
-15.107074071428716,NO_MATCH,Impostor
-11.521311407417208,NO_MATCH,Impostor
38.26148430417852,MATCH,Impostor
16.68834621860434,MATCH,Impostor
19.414721413451986,MATCH,Impostor
-16.540347880025053,NO_MATCH,Impostor
-1.9302980400106724,NO_MATCH,Impostor
5.198344313377673,NO_MATCH,Impostor
-9.687118407225338,NO_MATCH,Impostor
-2.939901289640545,NO_MATCH,Impostor
7.747436661022807,NO_MATCH,Impostor
5.101810950667075,NO_MATCH,Impostor
11.573567267219783,NO_MATCH,Impostor
1.9180912426027592,NO_MATCH,Impostor
2.3343100991765904,NO_MATCH,Impostor
-3.33477280916856,NO_MATCH,Impostor
-8.124342160175035,NO_MATCH,Impostor
-16.512375469922674,NO_MATCH,Impostor
2.611579325390019,NO_MATCH,Impostor
-16.547220512783785,NO_MATCH,Impostor
-40.1745054901419,NO_MATCH,Impostor
-49.236369250537756,NO_MATCH,Impostor
-8.378380095585987,NO_MATCH,Impostor
43.40850332242938,MATCH,Impostor
-17.216733510746277,NO_MATCH,Impostor
-5.7235748369462,NO_MATCH,Impostor
37.365377875398295,MATCH,Impostor
21.37477375710706,MATCH,Impostor
-2.1714570151141994,NO_MATCH,Impostor
-8.9903670644196,NO_MATCH,Impostor
-6.273618422793125,NO_MATCH,Impostor
-11.882150695311786,NO_MATCH,Impostor
-21.25135151039674,NO_MATCH,Impostor
-15.86670142427226,NO_MATCH,Impostor
-5.056543770402302,NO_MATCH,Impostor
24.968380322145766,MATCH,Impostor
-15.427896978171326,NO_MATCH,Impostor
-8.459892122057925,NO_MATCH,Impostor
38.380204840538596,MATCH,Impostor
-3.231838113094326,NO_MATCH,Impostor
-10.2349085729772,NO_MATCH,Impostor
-13.783708692508101,NO_MATCH,Impostor
-5.28547061849233,NO_MATCH,Impostor
13.544526727225445,MATCH,Impostor
11.900975040654346,MATCH,Impostor
2.749041456978263,NO_MATCH,Impostor
0.4512858664271471,NO_MATCH,Impostor
18.942747845990823,MATCH,Impostor
13.423939354546956,MATCH,Impostor
-15.126607402473066,NO_MATCH,Impostor
-13.801494482495862,NO_MATCH,Impostor
3.984080856578886,NO_MATCH,Impostor
5.58362309498644,NO_MATCH,Impostor
-23.089437480314096,NO_MATCH,Impostor
-13.460365421228161,NO_MATCH,Impostor
-8.666762558294096,NO_MATCH,Impostor
3.8348207387848845,NO_MATCH,Impostor
-18.03648703023371,NO_MATCH,Impostor
5.8756954751531865,NO_MATCH,Impostor
9.853870395973178,NO_MATCH,Impostor
2.3035482994584413,NO_MATCH,Impostor
-4.0956802303294655,NO_MATCH,Impostor
-1.2576530747749313,NO_MATCH,Impostor
-4.006096391757665,NO_MATCH,Impostor
10.844863320532236,NO_MATCH,Impostor
-12.600400869153875,NO_MATCH,Impostor
4.815105041780872,NO_MATCH,Impostor
1.133076187495465,NO_MATCH,Impostor
57.90720887901425,MATCH,Impostor
11.733140261977733,MATCH,Impostor
-4.696014819757937,NO_MATCH,Impostor
-32.915579281837395,NO_MATCH,Impostor
-10.349763236534201,NO_MATCH,Impostor
-2.3158184513204754,NO_MATCH,Impostor
9.557281127409711,NO_MATCH,Impostor
36.70369985644743,MATCH,Impostor
-35.18231026055102,NO_MATCH,Impostor
25.266810233985375,MATCH,Impostor
19.905754184794684,MATCH,Impostor
17.611918980585383,MATCH,Impostor
3.820505264857776,NO_MATCH,Impostor
5.632151921412784,NO_MATCH,Impostor
34.02123001977384,MATCH,Impostor
-29.544900942286112,NO_MATCH,Impostor
16.4950139051039,MATCH,Impostor
-7.554103626656179,NO_MATCH,Impostor
-4.88913375995285,NO_MATCH,Impostor
0.9401426434265735,NO_MATCH,Impostor
-2.1600565329421078,NO_MATCH,Impostor
1.8114850816445098,NO_MATCH,Impostor
10.556430923433721,NO_MATCH,Impostor
-11.731740200206536,NO_MATCH,Impostor
-45.817252647807386,NO_MATCH,Impostor
34.3387968575628,MATCH,Impostor
-26.693044195963335,NO_MATCH,Impostor
-18.171046232493037,NO_MATCH,Impostor
-9.858381147010505,NO_MATCH,Impostor
-17.080726069701594,NO_MATCH,Impostor
1.073349725593596,NO_MATCH,Impostor
-1.2402420418825248,NO_MATCH,Impostor
27.08700505742291,MATCH,Impostor
-15.543416291797623,NO_MATCH,Impostor
51.049271571868374,MATCH,Impostor
-3.1037380890920256,NO_MATCH,Impostor
-15.406344827228665,NO_MATCH,Impostor
29.5699358466269,MATCH,Impostor
8.367059479657863,NO_MATCH,Impostor
-13.725466266152434,NO_MATCH,Impostor
4.567419075044129,NO_MATCH,Impostor
-19.459451439337823,NO_MATCH,Impostor
-6.194620523612014,NO_MATCH,Impostor
-5.145781183812884,NO_MATCH,Impostor
36.14267762147193,MATCH,Impostor
33.889287107758825,MATCH,Impostor
-10.857750859445225,NO_MATCH,Impostor
-24.51874967345968,NO_MATCH,Impostor
26.050855825822097,MATCH,Impostor
15.12073320665866,MATCH,Impostor
1.4749433007883543,NO_MATCH,Impostor
5.811847944725071,NO_MATCH,Impostor
9.700006204299175,NO_MATCH,Impostor
27.855209474785617,MATCH,Impostor
-19.154623960922578,NO_MATCH,Impostor
18.194336321910637,MATCH,Impostor
-0.9322234321012356,NO_MATCH,Impostor
16.67661178452651,MATCH,Impostor
7.709545161094954,NO_MATCH,Impostor
-2.4341741164609205,NO_MATCH,Impostor
-19.320644406994337,NO_MATCH,Impostor
45.37188154653361,MATCH,Impostor
-13.489629202790638,NO_MATCH,Impostor
3.92642492016626,NO_MATCH,Impostor
7.7348433149089715,NO_MATCH,Impostor
-13.835975844772097,NO_MATCH,Impostor
9.00070128938456,NO_MATCH,Impostor
35.016639897993954,MATCH,Impostor
1.9115642175850305,NO_MATCH,Impostor
27.18345521255795,MATCH,Impostor
-35.32605653895031,NO_MATCH,Impostor
-2.926294220906733,NO_MATCH,Impostor
-3.5614848733829927,NO_MATCH,Impostor
17.90127448348273,MATCH,Impostor
3.657363403007314,NO_MATCH,Impostor
-9.0513734995399,NO_MATCH,Impostor
15.887404110254021,MATCH,Impostor
2.869172307884307,NO_MATCH,Impostor
27.124208873174883,MATCH,Impostor
-15.611365775486169,NO_MATCH,Impostor
-16.6055518254876,NO_MATCH,Impostor
31.504573267335058,MATCH,Impostor
38.4354036315381,MATCH,Impostor
8.074343925532308,NO_MATCH,Impostor
20.465136044433734,MATCH,Impostor
-7.284246284477561,NO_MATCH,Impostor
6.40766302956827,NO_MATCH,Impostor
-20.288160036603294,NO_MATCH,Impostor
-6.812000554165992,NO_MATCH,Impostor
-4.6573404410402315,NO_MATCH,Impostor
43.12513838263173,MATCH,Impostor
-5.158903455323747,NO_MATCH,Impostor
29.893760443934493,MATCH,Impostor
29.815338812931582,MATCH,Impostor
10.978071025443752,NO_MATCH,Impostor
-3.111726101925196,NO_MATCH,Impostor
-18.82466732705795,NO_MATCH,Impostor
-8.79279656771721,NO_MATCH,Impostor
-6.883686491719305,NO_MATCH,Impostor
7.131251555534712,NO_MATCH,Impostor
-10.012525468357536,NO_MATCH,Impostor
-11.212315118057022,NO_MATCH,Impostor
-6.5377330703922105,NO_MATCH,Impostor
-11.065224558922994,NO_MATCH,Impostor
-8.765523633660841,NO_MATCH,Impostor
3.638013410348993,NO_MATCH,Impostor
21.53053082779863,MATCH,Impostor
-18.226441137742704,NO_MATCH,Impostor
33.280226634036744,MATCH,Impostor
10.754727665852476,NO_MATCH,Impostor
-8.048087189591389,NO_MATCH,Impostor
-6.828851100783822,NO_MATCH,Impostor
-19.600423012021075,NO_MATCH,Impostor
-24.530783391297135,NO_MATCH,Impostor
8.24911845924104,NO_MATCH,Impostor
-7.374084308976265,NO_MATCH,Impostor
-15.431665074125558,NO_MATCH,Impostor
10.249833145289061,NO_MATCH,Impostor
9.47927320615396,NO_MATCH,Impostor
25.405550079009164,MATCH,Impostor
-1.108857635345429,NO_MATCH,Impostor
-3.90532993772536,NO_MATCH,Impostor
-5.214350644480486,NO_MATCH,Impostor
26.145531214963228,MATCH,Impostor
15.909308076165459,MATCH,Impostor
10.21070905128681,NO_MATCH,Impostor
27.772508804527426,MATCH,Impostor
-31.53004640649476,NO_MATCH,Impostor
13.40192557797785,MATCH,Impostor
-16.5810250778175,NO_MATCH,Impostor
-5.521353033381091,NO_MATCH,Impostor
3.5796955927221283,NO_MATCH,Impostor
15.155921106257715,MATCH,Impostor
20.84710527435834,MATCH,Impostor
1.6778021588700167,NO_MATCH,Impostor
-10.038327677202066,NO_MATCH,Impostor
7.0614969904526586,NO_MATCH,Impostor
25.421749097719854,MATCH,Impostor
5.832940153797482,NO_MATCH,Impostor
-6.759125720378015,NO_MATCH,Impostor
-12.149491980496192,NO_MATCH,Impostor
-7.4102179795490555,NO_MATCH,Impostor
-7.35669296380581,NO_MATCH,Impostor
-7.339758794571257,NO_MATCH,Impostor
-3.419474138584191,NO_MATCH,Impostor
29.700007477192393,MATCH,Impostor
-25.851317508944494,NO_MATCH,Impostor
-17.55986391331211,NO_MATCH,Impostor
7.846684822510606,NO_MATCH,Impostor
8.621964528268515,NO_MATCH,Impostor
6.041645020606305,NO_MATCH,Impostor
-24.41527886840776,NO_MATCH,Impostor
-17.638534797547006,NO_MATCH,Impostor
39.406965169633686,MATCH,Impostor
-4.083489647295264,NO_MATCH,Impostor
-20.47182955493355,NO_MATCH,Impostor
46.72693077259216,MATCH,Impostor
12.70177508086125,MATCH,Impostor
53.599027260850214,MATCH,Impostor
2.7485733699141073,NO_MATCH,Impostor
23.712150788619578,MATCH,Impostor
-4.685336681055959,NO_MATCH,Impostor
10.814170719715063,NO_MATCH,Impostor
29.311129261180884,MATCH,Impostor
-14.79368036006884,NO_MATCH,Impostor
-0.7363312511694182,NO_MATCH,Impostor
17.637263267741666,MATCH,Impostor
3.8582380101839266,NO_MATCH,Impostor
-4.895133222519342,NO_MATCH,Impostor
17.043563790725837,MATCH,Impostor
3.7962450345269048,NO_MATCH,Impostor
0.47209993330975814,NO_MATCH,Impostor
11.046224458886213,NO_MATCH,Impostor
6.968777505789399,NO_MATCH,Impostor
-7.9660798729324505,NO_MATCH,Impostor
14.41143726893498,MATCH,Impostor
-8.600675276029738,NO_MATCH,Impostor
-3.355064024400419,NO_MATCH,Impostor
-16.052476660067526,NO_MATCH,Impostor
-22.330297617629956,NO_MATCH,Impostor
-27.42748743866221,NO_MATCH,Impostor
17.61641633834621,MATCH,Impostor
13.11908007156218,MATCH,Impostor
-7.51787000181285,NO_MATCH,Impostor
-0.21729487411496948,NO_MATCH,Impostor
14.07822032823774,MATCH,Impostor
0.4213977575190816,NO_MATCH,Impostor
-9.929695382428882,NO_MATCH,Impostor
11.627204706135146,MATCH,Impostor
-4.506292256091681,NO_MATCH,Impostor
-5.130957258332484,NO_MATCH,Impostor
-32.51741321160596,NO_MATCH,Impostor
-12.31635637569737,NO_MATCH,Impostor
-1.22824909037143,NO_MATCH,Impostor
-8.784798099939144,NO_MATCH,Impostor
26.152676190524947,MATCH,Impostor
16.039055035363138,MATCH,Impostor
-1.3089422197947904,NO_MATCH,Impostor
9.864432697118586,NO_MATCH,Impostor
-16.29286443471377,NO_MATCH,Impostor
-3.5022540906623254,NO_MATCH,Impostor
3.287665177973548,NO_MATCH,Impostor
-20.944952449828104,NO_MATCH,Impostor
11.288012240545202,NO_MATCH,Impostor
-16.11629698816841,NO_MATCH,Impostor
-0.8835020372694008,NO_MATCH,Impostor
1.9803383165164667,NO_MATCH,Impostor
6.706509852034369,NO_MATCH,Impostor
-19.551386865234537,NO_MATCH,Impostor
-8.76876472951628,NO_MATCH,Impostor
-4.719386075570096,NO_MATCH,Impostor
18.73413855537226,MATCH,Impostor
47.6605576550991,MATCH,Impostor
22.410141309914586,MATCH,Impostor
36.63152601595723,MATCH,Impostor
-14.107586833845899,NO_MATCH,Impostor
9.591300563494434,NO_MATCH,Impostor
2.1231323500171215,NO_MATCH,Impostor
39.808840149543734,MATCH,Impostor
5.357200980717137,NO_MATCH,Impostor
-20.260979381244898,NO_MATCH,Impostor
-12.808770090431176,NO_MATCH,Impostor
-14.562853122726088,NO_MATCH,Impostor
-1.5152431731876972,NO_MATCH,Impostor
-14.831272206981701,NO_MATCH,Impostor
-8.735954239030216,NO_MATCH,Impostor
2.5120151291292556,NO_MATCH,Impostor
15.076582267840546,MATCH,Impostor
-7.259536120421622,NO_MATCH,Impostor
9.112232247991539,NO_MATCH,Impostor
-6.052853651688443,NO_MATCH,Impostor
-4.197685822003801,NO_MATCH,Impostor
-1.4269414540567644,NO_MATCH,Impostor
-17.08881817640372,NO_MATCH,Impostor
-13.437685109364455,NO_MATCH,Impostor
-16.273259755368933,NO_MATCH,Impostor
25.992476965502664,MATCH,Impostor
19.840916506566376,MATCH,Impostor
22.6745097368396,MATCH,Impostor
-27.234385387207563,NO_MATCH,Impostor
-4.087809515290998,NO_MATCH,Impostor
3.594862352877993,NO_MATCH,Impostor
17.145656978717362,MATCH,Impostor
-18.941767249818465,NO_MATCH,Impostor
41.7881534770963,MATCH,Impostor
-25.932964138410785,NO_MATCH,Impostor
-10.33830140175311,NO_MATCH,Impostor
-16.609284225533077,NO_MATCH,Impostor
45.90564059463065,MATCH,Impostor
-30.90040680493198,NO_MATCH,Impostor
12.645676689548827,MATCH,Impostor
-9.153904638327319,NO_MATCH,Impostor
27.202630608092555,MATCH,Impostor
19.72052265295871,MATCH,Impostor
6.81701242493277,NO_MATCH,Impostor
4.520065232429177,NO_MATCH,Impostor
17.680364543565428,MATCH,Impostor
-46.46463690602703,NO_MATCH,Impostor
0.3042132634044094,NO_MATCH,Impostor
-10.547543410916282,NO_MATCH,Impostor
3.3986470262016972,NO_MATCH,Impostor
-5.136231914866122,NO_MATCH,Impostor
-20.880719845841767,NO_MATCH,Impostor
-1.212774921845998,NO_MATCH,Impostor
13.694213502664102,MATCH,Impostor
-6.866851836799866,NO_MATCH,Impostor
12.55571137929453,MATCH,Impostor
-25.95946555093779,NO_MATCH,Impostor
23.832609472915003,MATCH,Impostor
10.663673706715302,NO_MATCH,Impostor
-14.295950610237877,NO_MATCH,Impostor
1.5020548798807356,NO_MATCH,Impostor
14.801292959646135,MATCH,Impostor
-1.4358657628797487,NO_MATCH,Impostor
2.5014781536025468,NO_MATCH,Impostor
15.72297958188019,MATCH,Impostor
5.1303488172592,NO_MATCH,Impostor
11.312785251967655,NO_MATCH,Impostor
4.146754300805346,NO_MATCH,Impostor
22.925894261144308,MATCH,Impostor
-18.83380070609064,NO_MATCH,Impostor
55.9250836581327,MATCH,Impostor
3.9519412610338747,NO_MATCH,Impostor
31.823523217381716,MATCH,Impostor
15.515221995340413,MATCH,Impostor
-35.7970465863841,NO_MATCH,Impostor
36.010885326965926,MATCH,Impostor
-6.65503441515727,NO_MATCH,Impostor
-7.277293686595881,NO_MATCH,Impostor
28.616831961484824,MATCH,Impostor
24.1940534140778,MATCH,Impostor
-5.795920351549704,NO_MATCH,Impostor
3.0569035247935856,NO_MATCH,Impostor
-18.59753634043451,NO_MATCH,Impostor
32.526152345985686,MATCH,Impostor
-26.63735112570064,NO_MATCH,Impostor
15.449723283321594,MATCH,Impostor
-32.89918813753052,NO_MATCH,Impostor
-16.96958101888591,NO_MATCH,Impostor
-23.59826265337863,NO_MATCH,Impostor
24.111610459877458,MATCH,Impostor
33.74490669517048,MATCH,Impostor
2.8765802499724327,NO_MATCH,Impostor
-5.68312852406405,NO_MATCH,Impostor
10.995256516748611,NO_MATCH,Impostor
19.399103187919458,MATCH,Impostor
-26.002015387905637,NO_MATCH,Impostor
-6.008776627865479,NO_MATCH,Impostor
11.394228710149669,NO_MATCH,Impostor
2.7918065957379383,NO_MATCH,Impostor
-11.637956390849595,NO_MATCH,Impostor
-11.922293609629266,NO_MATCH,Impostor
8.310600375844583,NO_MATCH,Impostor
-57.25277414015194,NO_MATCH,Impostor
-24.233748440037235,NO_MATCH,Impostor
-18.616216109989317,NO_MATCH,Impostor
25.919995809579373,MATCH,Impostor
-30.001544816004003,NO_MATCH,Impostor
-19.07573829633374,NO_MATCH,Impostor
6.2913133196566875,NO_MATCH,Impostor
3.25022268066981,NO_MATCH,Impostor
5.579816058912131,NO_MATCH,Impostor
4.039150309079978,NO_MATCH,Impostor
-2.56477163429621,NO_MATCH,Impostor
4.026671521918804,NO_MATCH,Impostor
4.184939866966783,NO_MATCH,Impostor
15.643679897224729,MATCH,Impostor
-10.491494703132723,NO_MATCH,Impostor
-14.952942975166334,NO_MATCH,Impostor
-8.940299729268247,NO_MATCH,Impostor
-3.798670370240425,NO_MATCH,Impostor
10.9257370918002,NO_MATCH,Impostor
31.083540832160462,MATCH,Impostor
-9.344566422083966,NO_MATCH,Impostor
2.2612466924295895,NO_MATCH,Impostor
-2.4086208129958497,NO_MATCH,Impostor
-6.334849661004749,NO_MATCH,Impostor
-1.6746075950684212,NO_MATCH,Impostor
-0.8335379726885032,NO_MATCH,Impostor
-6.639564656857396,NO_MATCH,Impostor
14.568550385006251,MATCH,Impostor
19.38690626019024,MATCH,Impostor
-27.3058868543211,NO_MATCH,Impostor
12.814940580668244,MATCH,Impostor
13.697939337059946,MATCH,Impostor
10.652737276645828,NO_MATCH,Impostor
9.530393206586064,NO_MATCH,Impostor
-23.695569220348265,NO_MATCH,Impostor
16.44353276552075,MATCH,Impostor
-0.2723574474973019,NO_MATCH,Impostor
