Genuine_Score,Impostor_Score
-6.824735975179996,31.86134970784794
-0.34709515391451085,12.873468708300088
15.392568093668835,-25.707051116935197
39.692202778376135,21.391448229214557
32.98301682234072,-21.273531004422384
-24.880996644514525,0.8992273956235866
45.30430050794664,-3.552995879460977
1.5036437095690403,16.87455948667232
13.841179400137941,-11.52550943900654
4.183558322143033,-20.46818574747866
-47.30275842769278,10.223484959365873
17.69877098169146,26.692616131198314
39.7293612620027,21.809549846700467
3.1832371404846356,-21.83142677605143
13.40797504336503,-52.67312939129743
50.39254332394975,-11.969285199504084
59.84780395962236,62.48779641686448
-4.808296547827122,21.55547996374683
25.001565541450578,12.522265524835428
10.482822060189163,33.5939074923733
12.996870132839117,13.996947532171664
-15.84371596842249,-3.61248077214
8.701433220545715,9.895996092674457
16.067258402407244,-32.93007690030184
17.778247218396867,-17.49238443864768
2.965653257983634,-0.051355458036637186
48.218494134675,-14.071120708647433
18.337503169776802,10.614302953753093
9.723652980689955,1.6228135597478965
48.46091565432118,14.055467836967328
48.24476116837849,-10.059448672221368
22.48087751484529,-4.05008794878861
34.99908155996641,14.012499372147216
21.481592948653976,-15.52655068628497
-15.66855786554602,-30.423463042316854
-19.50408758238169,34.952882597333414
25.223349853896412,-6.426485826767424
15.734208676034024,-8.0105127046787
25.13667768511467,2.6617477660430975
7.551045355022427,-1.194080938196829
72.22465663054801,23.70666667497852
86.06038847077191,-15.095428165262556
38.83347059134906,-33.27525919264043
49.902018904224384,-18.76968856528919
32.05200877939657,12.262010404730779
30.150183327379516,18.59899253185244
5.780625356401963,9.224253083568671
11.37826377591578,-6.877415855896725
-15.976578764626653,-0.4886136554293575
84.71248841389927,25.76541977096177
-4.740110578320813,-12.919197744411479
24.25223148239363,-1.7125648812195051
9.55039089910755,16.822516737838864
21.50391890541949,-3.325775046898733
70.5469539183889,-10.157840729340299
8.273634604885906,-21.07276986629813
-12.02758694392749,16.46622904823044
22.99070713443854,0.15253933285131716
23.004782842592846,-17.115984619853066
-15.41654677276015,36.98695877366081
46.29189274332225,3.948806861681304
17.12040281800881,4.308996981254822
22.46726801188047,27.885094473527257
31.67990557521991,-31.823349665741134
42.85832254694805,-10.462670513036002
13.806743075763608,-5.46281348441305
33.932972790252755,-20.13138016466952
-8.57408948586515,-4.210890634403356
-4.852480462906155,14.530977663331349
38.40200724761142,5.0037746839144885
18.34521629043578,2.9883695359666516
21.666942831649777,-7.855013450304438
-5.0896323882842305,-5.379680572009299
2.671842330574552,27.894960301841166
41.10864316230748,2.219173919404522
6.3947558870623045,3.3829805676924
-11.742437394280328,18.425890631093726
12.138206467473921,8.623302735847245
24.223000656344947,-4.391079187342092
27.68762854600686,-17.036036149077685
21.708366606987184,-21.89924436183873
22.640299618172044,-27.63014324016923
16.30869778467143,-23.536162297908675
-4.518974284770896,30.055105361918493
31.884841335871627,-39.47572977089826
10.699617970411927,45.28620958567641
61.08288261666294,12.035141935859816
12.071590556972549,-7.793154921413585
35.68290210444348,15.032094391050062
13.68776085772469,6.622206400066168
48.766659280583035,47.03372868894088
10.690672568282865,-20.390193232085274
59.56207971872289,-10.180069522934367
5.808886992394241,-1.1613501149284693
-18.597129566881573,18.80165819969131
6.221626448125635,31.17909023668348
83.83663526083073,28.62562933289041
14.678112860598235,1.8764705525205603
-1.5536458366987793,7.013581158694783
15.154481936289386,1.2422802564117261
41.131294790391614,11.712183769335049
10.927739288243316,-13.134358449154254
-7.691257611089579,-13.635782943694085
60.83490568921292,-27.986466670910087
7.606797679083848,25.79977549536973
69.44889003444555,23.9369632059096
26.258629219739486,-5.795766972572147
22.597098730986865,24.208045130100942
-10.721097998505119,-1.2208069635539793
73.15493810418702,18.711660298762716
-18.476144758782375,7.338124445881964
23.60174104102961,4.558175224778496
13.728963898924276,-4.865256435858416
-40.65965539183638,-36.91587531131939
14.898373196678717,28.792861311027668
-14.724763600080905,-4.935909621354574
-2.5736665965840726,12.805888768167826
-10.978181442753378,3.315248975344951
39.50797210591909,51.11823612461303
-17.611919656501144,2.1485286581297007
-9.648605551034597,-12.492753984513286
33.84561868124665,24.44256457690139
6.274120424867202,17.973044088226178
50.04561868479628,50.11546993070362
112.9284971016752,-36.4228072163611
40.292673000143616,-8.717649187743422
13.15220599189056,4.89210993562264
5.249437994560108,3.0273559024170327
-14.117345980647737,-19.96797557805352
12.909055659809335,-10.636599406981729
-24.3752406077129,22.9355686757208
8.329005276296558,9.012376613097967
5.390266450532984,-17.4919244366751
34.630598723456636,-7.630723537017543
35.57857468787001,19.133717486819556
-6.629650369388886,-14.046902771788448
-9.42437165675994,-30.134905670644862
47.940289912808275,19.707863430051614
24.192830021980516,28.791008141562592
-30.647003783627813,-12.672248963729528
42.92958759954283,7.9719482284261
63.84278798828292,-9.855416307208554
52.447175763074284,-19.96741859317803
-1.4881894821311055,17.674432114248496
25.486474735110576,-22.146449184509027
46.148925992635476,-24.04265343438675
-18.188305134647383,-27.9421113876005
-13.197090593464855,-18.939874214861007
82.75230997781827,-27.95743299697628
50.501649698989766,-2.7688112608681967
41.024895920833025,34.59551199222358
40.287653525979934,-3.2773156297293378
41.98118166060299,-6.169595337079464
-7.517015793736822,-41.92834544487992
30.67130446150967,16.697380787651692
29.225568795801024,-4.407098204505563
9.021443914162075,1.3045484270582623
90.97006175885608,0.3016981041228313
24.105914372982316,-16.473774080133403
15.522792258758145,-2.755433960668766
1.0873895535688187,-29.314551765357475
-49.000091945756175,19.9290480841513
17.177008454630222,-4.559794689882511
19.143566227404627,0.4001928213458628
-9.249344701198044,10.61482537312402
29.20247914490779,-6.618873962442533
49.351441280696896,1.9525838168875456
58.28323421158051,-27.429215970117884
25.813355129679245,-0.6850844876135821
-1.0379357830747198,-23.30873791564466
26.8359772906091,19.80436174647396
40.85407191146688,29.66498973775204
28.378933955537967,22.14341466861442
18.00228280243859,30.034813977429287
-6.042344196478414,-46.18269543196173
23.84703237070394,-21.406036716884397
53.16038681237675,-4.571891115163169
14.95104523287923,3.1792335470057056
-22.12902230262071,-6.917310185995793
-4.950191407735701,13.084808085505887
-9.826095938495772,10.753024526314354
16.69643558184998,-34.01368340562901
42.976600023987515,-0.654452652358788
1.324998001782598,-15.568452646601461
-22.493840338578607,5.767414081183264
-0.9861124078430268,7.3265474226447544
42.20895273317472,-20.20227082492663
-0.40312302240962106,-19.983132139163118
-22.823934632066674,10.065091624616251
13.643465869037323,22.271928401905704
15.341129446631479,6.769560396267515
22.526704106195897,9.823062951880285
23.486355069833607,-25.544593089881324
36.808634740540256,-2.2829362004061977
34.861728583727626,10.426164188209821
45.4123351056717,12.592664050349303
-1.7399030915796039,-6.253340770699438
9.184687606796198,-11.824099239360487
-3.3582643341884375,4.717533229033174
23.853802708783583,4.840884239043356
12.626053546133296,21.493663169533356
-27.84427970681254,-20.826658567911853
54.07401681368772,-28.017369576878117
48.149015348380985,33.83747676189278
66.09457844278852,53.82002903926298
51.200733087407514,-31.24396286523309
29.42505724734436,-35.40400699782559
-9.628117324779595,-3.5931915884794914
43.39707043554771,-6.543459020481111
55.78819604790493,38.80007730871908
38.295829641921145,-21.91685541686071
89.28848213146985,-21.778229053944653
6.090281723545374,4.08403722913684
-29.794971629831743,3.6020052681967174
-0.0137175994799563,0.18085044345252052
3.9475278258400515,12.381159353791464
38.383620940023846,47.716690222657185
37.90857999043378,-8.08670623310634
-5.5152555900375395,-8.396504527100308
-7.297346415742602,-9.137826634633472
64.24681342828318,11.980973105615796
32.454688851855714,9.044162549540735
18.734785123979353,14.307156071160199
12.266444215154394,0.5784955014727224
35.452828079905714,-7.662345584976057
33.515266641172,-6.158209118859248
14.314284790691335,-11.92886765567488
-21.211846573975915,34.31338565468329
30.532480189289764,23.327870353697797
-7.221099713717186,3.395063721233871
2.758098297809403,12.563707718724922
-0.20106258324130127,-17.550256985966886
3.6320578079084926,2.0923998858709414
-14.034527779246451,13.177328825425887
-6.483387865173377,8.350915952251155
-24.81508958456637,5.3021484032783155
42.790833913858755,6.735291843472801
90.00420019762603,-4.6398246769479705
46.13213548622952,7.96625436050715
43.36299113074171,-5.628412427063479
60.640276453369694,-7.303426825983281
38.83232602179553,5.230106273634749
48.255039443308256,3.758968071736141
5.1540979102511715,3.4849353654559647
22.707907895066015,36.895094863970684
18.114402932680115,26.199799369621978
5.586827726828533,16.323988965885242
16.891969872259864,24.950232694085575
-22.67356016472082,44.47530770210293
-15.112314542579922,19.981523728959463
5.506645552794222,1.2754363538672262
25.046616051969483,-3.7418450114332353
28.729187017102248,7.272642460343099
26.817571423977114,3.2020331650124714
31.654730560402932,14.119950532642504
-31.824160816491087,10.819804819588448
8.34837924859303,5.088713529913647
1.0437434399498593,-7.603643297557663
0.06458786843792315,11.887501910096633
27.633772131174357,-22.051606116906655
94.96265816712693,4.861005731720196
4.399073850028346,-5.968553069954034
16.363976997671482,14.216243719191123
42.34526561659399,-15.27396210206107
36.404863945207325,-7.449316143731265
14.510737323168103,-21.38230500890801
41.16508522125424,-9.611738281438805
16.409101790712207,-7.220974831174109
9.113317976206428,25.731738732301885
32.87758724313129,-0.1414315854478732
28.699743820881704,-15.058654760565847
-18.83962745045273,-6.215759562016279
3.496842100665905,8.560714661634005
-15.643638463091156,-4.7851528762317255
13.20419667970942,-1.09319840828992
25.52313740311868,-2.6847304105104546
68.17361854812462,18.995404557794185
-4.482082270774019,-14.163587775191516
-9.366265330358289,9.091396414457675
-2.162834013124593,-30.66180778629358
5.682625544094486,30.86547235378688
-0.902021103618568,13.064286491829472
-18.230593666259978,13.461477153480027
-18.72291153629536,-11.328651531800984
24.521730877372462,10.47290806118089
33.86979990801956,23.335097651821847
-23.772470094464758,44.23534899181892
17.02240460307642,-39.433378399214234
20.583660363469644,-14.339979037422346
42.35051903717824,-14.370339894286031
51.76502453500124,1.9894596487699492
26.415605465556105,-21.75375388490646
26.72631968024681,-5.918068058161452
6.538982852513013,5.494508323723821
24.631407422264683,-9.150945185093537
22.19076813649439,-7.937537227574008
31.70629453567005,-26.35585145040046
-42.91439866784824,39.02526613700177
-45.42550456000784,37.984489124271384
48.43662920918595,-21.412693512994686
-23.018859878705417,-0.20329647183170935
24.23992544450018,-7.138613163196725
14.26123408214949,-5.126963861366403
22.859382201718976,5.386431362682178
38.7104948059101,7.492215296653098
17.683404449134326,9.002568512824721
52.06580084081201,-18.673787711648075
52.96573495631318,5.330099026172061
23.35215336888896,4.969811733689659
-4.275018094239331,10.220047775651356
6.261195417320869,-5.211957141327265
-1.9996133982609743,23.425316928398267
-3.8676635534821857,-17.68807237725955
45.622120762423506,-9.329547978922593
-9.147233588331565,6.805725482547886
28.29822928043398,2.82284408318343
31.562128507580535,-0.24420025817197524
-26.509029896745478,-1.0656417623309107
27.26010775734505,10.399856659749982
17.457145180929334,9.067953122764884
44.2483050887367,15.725820172044054
17.22217358928758,24.20894203052595
72.72787395137081,-30.448773170811407
-11.570279735574942,-26.77699133915802
17.596469852192698,6.845063254280224
7.331602723819427,2.753280495820217
23.722904545028932,10.234325118124167
59.1218012272113,35.151363181921326
30.881269480186628,-11.441471656242724
23.77297908970149,36.22548161505277
-30.206421282753478,-31.608165526642182
11.601128501557074,12.487908257690851
30.322825996415716,-6.594741796772516
-4.46352084388528,6.6422236750029935
65.64803853892936,4.80913092324505
8.618560181160158,-16.340660120799512
-18.185482984994728,24.429319832590817
39.640149315134565,-16.08559635482143
43.03769668609751,5.388022388642907
7.45901978350622,21.568715236257525
20.247887812437423,-8.5048232691901
34.83797698900219,-30.338328297016947
66.31025253142498,-40.289324176241976
-15.490482018010933,29.1135180926276
14.768946180801187,2.583545148914765
72.91054272919547,-20.53502219173239
60.99243868441502,-6.861699981414129
26.687254525947697,-6.737751863920797
51.190568768830126,39.0315205069543
6.996121959088411,2.8709356099397407
-14.29174192556829,8.34110994943146
-2.9731130422030385,-14.49384825141063
10.247211546335073,16.402441966189414
-4.725434017960517,43.12835354294475
-3.338449916837998,-30.541110910198142
23.693129096235825,-7.455265253146875
31.781375659728518,-2.004595210899672
18.777043238143992,-35.024741699659444
4.565264823512841,-18.49046150026405
24.988543833484286,-6.411083028277567
6.0953893873236105,-0.2560222964259835
19.95093729071708,24.769917833362058
5.557257777057263,-2.7410655852866475
17.76809604977126,-0.5731510374557085
115.35497764171333,-4.866105603218431
79.68994650647775,56.66639564111486
108.32481027116832,23.822557127348283
56.9737863856768,1.8511500308863815
-0.27069821358341684,17.334357119834316
-11.62581444731924,-1.1331603460283484
55.6563813230943,38.41455681992355
95.49194317507063,-25.724438271030085
-13.974208986785484,1.5455006425197366
21.204848739136924,31.833898197142336
79.71937575050148,35.11550860494092
30.576806875949785,30.776793760059952
61.41204179721106,-6.776378046268607
32.1744219968412,-1.9527596881847729
-13.60864661767995,-10.118531388244527
-11.317378328586148,-13.424188551772177
-8.467035576403925,4.5728878916772056
28.682963574780242,-16.197397216632552
10.288544704530377,9.75789328006549
38.29845081367298,16.10907087267795
7.426822424593262,-0.15185371277389284
2.5899227953423845,13.15617193017517
-26.145599538122845,-0.2892804563012292
74.15388747323662,-43.69789811620405
-13.864826745648946,1.5706350688241444
10.055164540370924,-3.2721279846613496
63.03737266064497,-29.91667890378701
31.165984214670317,13.887663977450766
-17.294870266922572,3.5014801838741865
-14.404461976124447,17.331303220431423
-5.405018596397326,14.494607662720663
8.517420918759827,-18.816868251696402
8.505706606489273,-12.710360781101445
49.34536044646184,24.85335609234835
31.025111461015086,2.4045609110762847
-11.415040117708742,-10.427601649297772
-2.841454919786271,14.816598904558226
27.26988877076328,-49.28824141258556
99.63161159962411,14.158898640504074
62.404288731237955,1.224770708059032
3.099582247512529,-16.407575095675874
-9.873801763404098,-22.11115619687657
0.8458176279373223,-18.419254483581277
36.93866490257866,25.409148202479557
32.90495785437428,-9.389326976930008
24.430939085613502,7.5727488430341054
30.46125807882815,-0.9971970336548561
42.38079799753871,-2.54192621188019
20.160486913731866,-7.193923326301169
51.54909246479769,-18.14193243483526
12.318424332537093,24.08455940850599
12.77365256662103,-26.089035562517235
-13.968674393182445,0.004974134377516526
60.26703877768926,2.9138318851024856
73.57829419300404,36.95500113589421
-2.4556886226135175,46.63250920092376
67.2846539834799,18.184989865739805
39.49165633132301,-5.339497838872457
28.279604806831422,7.8738992871896265
33.55033201058258,36.72523671728712
6.369632315233793,-7.798088641799482
12.875854546840309,5.160742734394085
-4.234375150244665,0.6077480148736205
-2.733835554746171,6.467546185250495
24.603743689582725,2.4208829178906366
15.273846321157402,1.5199448681784717
29.56838801376472,16.891796123624445
21.537013740841,-6.748216378395709
46.377960537537554,-1.0628109325333965
9.929390287468795,-3.53165986822346
27.19920833745041,16.2180546310213
77.77050614103192,-15.654592161620275
113.98168933545378,-33.078649122689
27.131763731149096,18.6106037882568
25.816288216334453,32.81593937612222
58.93853862762387,-32.244136643788686
32.1919806047832,12.572301651463084
4.503092968123587,-1.8118542185152118
12.604021112797382,-3.7449191463034937
22.69515650375513,-15.444049439735124
44.215715358005156,55.29103989999028
-17.990395439964153,39.30328933942327
12.675993302310799,-13.479123552698134
25.452132009350944,-6.564416219796688
33.47365243326417,-8.699386581407504
19.117499314389807,38.69054978469489
8.017172631338815,-19.992355835848638
-21.85523005596212,20.676823798337082
-9.45632337121493,-9.231439337787428
-10.438166472923305,-5.08842056678329
16.910202055000944,22.79520695913661
11.15878047740333,-32.167126754735946
42.09097598366312,-17.93849099956798
16.234058673728473,28.946407887724384
30.025854305343334,21.10822632264179
43.65674685554956,-38.54017568649903
11.295736439900987,8.481653887613298
41.77632834255641,-17.4455214067205
-20.353866621527008,-27.296562694727594
41.04218216663295,-49.13466383700506
-2.3416899653544694,28.746132861178527
20.067803941660976,-35.21737493171583
79.9195998758722,-50.719293341803436
6.078054324139512,21.850915745278567
37.798327892971855,3.5716376554315983
2.0695331737419322,13.90891539266259
11.268762803893848,4.366150951008676
67.1100510309327,-9.157920774080209
13.896717813472119,-35.02887842669126
-11.136297380786576,33.47725054508062
25.193190487541294,23.34415744738207
9.566887477994397,-14.897128987667793
5.746048799509889,-26.725162504900435
35.077751958915506,-18.803149122983424
3.365553840988999,5.364556149108498
34.65150727639275,-4.12876088101868
25.306470798651404,-11.988017957128834
25.658413176767763,-8.25224275919803
44.97592938713018,11.609359008683409
5.430095301953302,14.186865811629065
25.32276790664046,-18.52247041157213
-2.8620846989989457,-19.28830909970244
2.9193971998063777,20.899153641497712
46.57914931466487,-27.768417014433002
-7.060815918795234,-38.941828297101765
73.16817232698192,21.848804626417174
57.1099105575195,-2.998269917762324
15.222653565944865,7.002268310230008
12.162837724959589,13.745468180910095
62.974036645641355,43.20652292996874
20.01043384995553,5.57995994242157
11.900511706202785,-12.117491653448853
-15.844848640021471,-68.99073749999252
95.0614699485089,-37.8159931565194
92.5067617745426,17.07280262934856
-4.856835080772012,19.160585940280527
32.30044564027686,18.484008567548763
-3.1395532058748894,-9.181184747540915
37.379460727056724,2.1274827952838207
23.58271532154918,-10.534923459832083
2.567169020911381,0.010358805040426052
-4.401064912835323,20.952554594246102
-59.9693629047924,-6.3620605105263826
-5.600599328404581,1.496195627360168
31.68434850361587,-9.764587313732298
18.83925299022945,6.198560823773254
-7.10462727231619,2.693003096771661
3.572445121733788,-11.030132740055121
26.871453711867876,3.4689160553294327
23.579692659350172,3.6729434741475946
9.337534207598582,5.2558813260644675
28.21542397039074,25.8414448104355
41.0487314211949,-0.05074419693468736
8.474263232526065,18.87013696975755
30.9977293106252,4.20127533563551
46.69228469137096,-16.412812129033853
18.129485187497625,29.40680585633219
19.59063703613624,26.16486844291385
13.575397995406055,2.501606382562665
20.18966148495911,17.160985911797862
26.49223708637314,-8.104437042512561
40.010418553722566,-0.6088164455073906
-6.345799113604591,-5.337923328464896
46.22958980296369,-44.69914435271135
3.2601817282368786,-13.733077875410954
2.710867741208063,10.778474381883639
24.212206195906493,-6.384374086069707
64.45826816203434,-12.333537886486852
-16.574670999301855,-20.73413805126398
40.64839778844754,10.497023156979841
11.691087404694077,-2.197662508163876
16.590325944020968,-12.479638257203549
61.25612618609953,-9.224525753230914
5.268372878936565,26.073352473459078
1.9859994852260403,5.826506885979876
6.744622244625982,-10.724347656358084
7.859516484102944,-25.00404251059975
-25.464022752671827,-25.688136737619228
10.254347844079971,20.51683605117763
28.529655520625838,-4.363989188330484
11.869435052960577,0.34031353616278437
-9.32660989670736,6.709540307908337
8.216578905991934,0.7363341628772574
6.29387196930451,2.001489959393488
-6.484868401948282,20.597349028075662
71.80451487907321,16.010495363870604
18.52432312412456,0.6988659891154277
34.290258605206326,-12.491424299995865
14.561427563170414,-2.644982110454995
29.86138445873047,8.591256997337155
16.709756323881994,-11.043794403421586
15.03166696710004,9.3843810555006
17.296783766553936,21.880209593586837
7.186068763458052,-8.868984403632405
39.21425142093256,18.501685096423355
55.737761757905595,-7.138820093082826
37.046713035281165,-22.598246266647273
45.88181176863388,5.609635313337784
-0.9089262405194618,-13.073552154706261
26.75759643562142,-3.41964586242195
-0.5044279711682143,0.32417302325854136
8.332239163107355,20.386403092533012
-1.7487091441587725,-10.41823845619717
4.968373336594046,-18.392722641679832
63.92297751458982,24.141547867292303
35.98994725279899,-2.042332680505318
26.33642473603631,-3.1380000535645167
18.516113889158394,6.553416567071765
-2.646209311576878,50.87725579037735
-11.390701438923992,-10.616309373045898
58.05832283430899,40.18988634958026
12.147028951659793,-24.013776137337562
-0.9028941478560019,-14.65336350187695
32.69318934093714,-3.8682323616678445
46.44412350101089,0.5319717846859671
-32.0260881176461,19.793085587603954
39.18282965847874,-14.680564663273493
-4.842003103633982,-15.107074071428716
22.713566788962964,-11.521311407417208
74.5324884922777,38.26148430417852
41.7144125636601,16.68834621860434
-13.822521604328106,19.414721413451986
40.89597394232056,-16.540347880025053
20.95657264707388,-1.9302980400106724
33.097528911088475,5.198344313377673
-13.909119513551396,-9.687118407225338
6.138426105235781,-2.939901289640545
-12.092616004932959,7.747436661022807
28.997790141305984,5.101810950667075
51.0407495128973,11.573567267219783
-7.124134922724298,1.9180912426027592
28.145754305484402,2.3343100991765904
115.36001206280137,-3.33477280916856
22.288761927225448,-8.124342160175035
12.66822206485867,-16.512375469922674
34.296653879679816,2.611579325390019
92.07252146433609,-16.547220512783785
34.39765861934742,-40.1745054901419
-5.278824386088384,-49.236369250537756
22.826555355700762,-8.378380095585987
-3.7226261904172064,43.40850332242938
47.16957797604614,-17.216733510746277
-10.592943988023238,-5.7235748369462
56.94193175423116,37.365377875398295
45.16514998439158,21.37477375710706
7.726330469336037,-2.1714570151141994
8.486915942300646,-8.9903670644196
8.408734463697325,-6.273618422793125
13.284630103663392,-11.882150695311786
-2.860607635921688,-21.25135151039674
112.88293243290562,-15.86670142427226
35.340457260090766,-5.056543770402302
40.38401375316625,24.968380322145766
15.65645646056126,-15.427896978171326
35.10455492479367,-8.459892122057925
23.531555477521632,38.380204840538596
42.461198912345736,-3.231838113094326
6.496366604575499,-10.2349085729772
32.18097083986734,-13.783708692508101
97.02076650808392,-5.28547061849233
-7.5394614347467614,13.544526727225445
-18.65469511251391,11.900975040654346
36.918638253518615,2.749041456978263
36.691717220791055,0.4512858664271471
36.61519361137379,18.942747845990823
19.90445690523697,13.423939354546956
30.04284522588201,-15.126607402473066
-15.162414675578127,-13.801494482495862
16.19322767895292,3.984080856578886
-4.888056964257104,5.58362309498644
68.69533326103844,-23.089437480314096
54.1708506851405,-13.460365421228161
29.982772644722427,-8.666762558294096
39.80983317504347,3.8348207387848845
-3.4019716629793755,-18.03648703023371
75.07617375786371,5.8756954751531865
10.538833432705538,9.853870395973178
36.083934828688704,2.3035482994584413
34.86952800712767,-4.0956802303294655
-6.975366350865166,-1.2576530747749313
59.24206036223967,-4.006096391757665
2.49948827524128,10.844863320532236
8.853940999988593,-12.600400869153875
46.70028237917167,4.815105041780872
26.862523563254122,1.133076187495465
87.66972507595136,57.90720887901425
18.380762498775063,11.733140261977733
22.72273852842425,-4.696014819757937
67.31905479111903,-32.915579281837395
11.888623260771826,-10.349763236534201
30.18281509232059,-2.3158184513204754
44.84266494806451,9.557281127409711
41.36623016624027,36.70369985644743
55.495989130927235,-35.18231026055102
19.91776810233282,25.266810233985375
40.177224360649724,19.905754184794684
29.60831396988882,17.611918980585383
34.10886996832788,3.820505264857776
16.30120076607042,5.632151921412784
-5.545649960381709,34.02123001977384
-10.183287476527301,-29.544900942286112
-29.453360696172666,16.4950139051039
13.40180095235805,-7.554103626656179
-5.6040339398948475,-4.88913375995285
-2.3026279278574617,0.9401426434265735
-3.074965032876112,-2.1600565329421078
-22.063817615189343,1.8114850816445098
56.9705825347575,10.556430923433721
17.180331783062705,-11.731740200206536
25.700832313779035,-45.817252647807386
43.017864960346905,34.3387968575628
52.13821260572318,-26.693044195963335
33.729291139716516,-18.171046232493037
36.478752434514064,-9.858381147010505
20.404032310537097,-17.080726069701594
57.32860452554563,1.073349725593596
20.58295806267435,-1.2402420418825248
65.68486962451615,27.08700505742291
14.450295244909103,-15.543416291797623
1.9312283793451346,51.049271571868374
29.779303512589717,-3.1037380890920256
41.39907711952323,-15.406344827228665
31.17803733554368,29.5699358466269
32.69823293404318,8.367059479657863
-14.269827278362644,-13.725466266152434
18.417280095257244,4.567419075044129
-32.0720007161726,-19.459451439337823
26.523697315890903,-6.194620523612014
10.579601671807245,-5.145781183812884
56.03341487717249,36.14267762147193
36.81119838835407,33.889287107758825
34.23994704618813,-10.857750859445225
-1.6323965784701617,-24.51874967345968
-22.952256371382028,26.050855825822097
42.039888960787636,15.12073320665866
16.067239648097345,1.4749433007883543
40.462133709541725,5.811847944725071
34.291725950675705,9.700006204299175
-8.388729329713003,27.855209474785617
70.96750881171458,-19.154623960922578
7.732500079223214,18.194336321910637
-6.744996871995788,-0.9322234321012356
35.97233301673836,16.67661178452651
36.33583590906307,7.709545161094954
7.049663710140538,-2.4341741164609205
8.955160423301159,-19.320644406994337
40.351454816481,45.37188154653361
28.142741620190073,-13.489629202790638
27.88104564981194,3.92642492016626
22.044540851758303,7.7348433149089715
14.697621746812228,-13.835975844772097
47.6367110220154,9.00070128938456
39.064889209364786,35.016639897993954
35.74588526908473,1.9115642175850305
39.81647760943923,27.18345521255795
51.94145539176747,-35.32605653895031
44.261257289552745,-2.926294220906733
-9.03497528239971,-3.5614848733829927
21.938041788808214,17.90127448348273
13.833535856264978,3.657363403007314
10.242583090994945,-9.0513734995399
-32.48275017039953,15.887404110254021
-8.161939997950887,2.869172307884307
43.893897193302294,27.124208873174883
37.02540900519746,-15.611365775486169
25.967979959250172,-16.6055518254876
13.535177968885424,31.504573267335058
42.33209224018504,38.4354036315381
59.416268606821305,8.074343925532308
-14.78385964928325,20.465136044433734
7.369429828866203,-7.284246284477561
0.10906555309052937,6.40766302956827
7.407282830170084,-20.288160036603294
53.94620839384159,-6.812000554165992
22.91488133701745,-4.6573404410402315
94.30062494957005,43.12513838263173
28.720171509843738,-5.158903455323747
73.32613350562748,29.893760443934493
55.46628809319468,29.815338812931582
1.6370485665805479,10.978071025443752
19.263313508061408,-3.111726101925196
-22.123385687119566,-18.82466732705795
17.39247369700157,-8.79279656771721
50.10122646809085,-6.883686491719305
11.468741492312827,7.131251555534712
45.456801669780745,-10.012525468357536
2.6466449510185255,-11.212315118057022
12.710786443752554,-6.5377330703922105
103.26806857009389,-11.065224558922994
5.750524989494378,-8.765523633660841
40.39129537935809,3.638013410348993
-14.662134538464665,21.53053082779863
26.178038099208763,-18.226441137742704
6.604987503745709,33.280226634036744
41.86473086700564,10.754727665852476
1.4002062641796607,-8.048087189591389
-5.550798335566443,-6.828851100783822
53.89687014778802,-19.600423012021075
62.705838694722324,-24.530783391297135
27.448449942363297,8.24911845924104
23.435769400260888,-7.374084308976265
21.118604771020692,-15.431665074125558
-7.310829720224991,10.249833145289061
33.94031695763968,9.47927320615396
0.19876305401432848,25.405550079009164
-10.803513513778315,-1.108857635345429
-22.58728038856924,-3.90532993772536
63.73099677854063,-5.214350644480486
3.7829961601394158,26.145531214963228
0.5877166991006649,15.909308076165459
5.863580004969705,10.21070905128681
19.4195123057803,27.772508804527426
83.31144774867946,-31.53004640649476
24.565660429804154,13.40192557797785
8.233253048236168,-16.5810250778175
-47.158694756446536,-5.521353033381091
-0.07314065175437699,3.5796955927221283
42.70431392797643,15.155921106257715
-12.027522188857287,20.84710527435834
36.88020191011348,1.6778021588700167
7.368504525823291,-10.038327677202066
39.71687362365026,7.0614969904526586
54.61769901665009,25.421749097719854
39.41862555780742,5.832940153797482
19.343462123180554,-6.759125720378015
-4.883776141877891,-12.149491980496192
7.716883047293574,-7.4102179795490555
-10.284424955715377,-7.35669296380581
45.63989277570303,-7.339758794571257
18.257199133948593,-3.419474138584191
38.58253083970516,29.700007477192393
118.90474097702658,-25.851317508944494
3.4363690904073234,-17.55986391331211
-31.02501039023756,7.846684822510606
22.875272211964454,8.621964528268515
21.393374417874885,6.041645020606305
-4.052510199372646,-24.41527886840776
35.13432593580715,-17.638534797547006
37.4923952951418,39.406965169633686
12.213747981186973,-4.083489647295264
29.1802220156241,-20.47182955493355
42.52247241159038,46.72693077259216
72.62654041003876,12.70177508086125
54.04148015775403,53.599027260850214
64.69680248973037,2.7485733699141073
0.03783498988224863,23.712150788619578
23.944276316560373,-4.685336681055959
16.252232042392084,10.814170719715063
53.86861145021926,29.311129261180884
21.654591747014834,-14.79368036006884
105.39717245908334,-0.7363312511694182
22.066945542590446,17.637263267741666
19.91117228191693,3.8582380101839266
9.378398930408594,-4.895133222519342
58.0319123887506,17.043563790725837
43.32895656992732,3.7962450345269048
24.681427150627115,0.47209993330975814
23.382129401601443,11.046224458886213
-6.615457517167608,6.968777505789399
24.90077477973223,-7.9660798729324505
-0.15090042938779546,14.41143726893498
-15.329794439632135,-8.600675276029738
14.896325340613098,-3.355064024400419
34.33796755803654,-16.052476660067526
7.857175789285455,-22.330297617629956
18.799805637629817,-27.42748743866221
63.51182293894609,17.61641633834621
15.953145697260922,13.11908007156218
-6.636622172249951,-7.51787000181285
1.8534679487992913,-0.21729487411496948
-3.417975054019132,14.07822032823774
34.66990329416431,0.4213977575190816
14.82461540655055,-9.929695382428882
19.995773817276067,11.627204706135146
-5.3638902814881675,-4.506292256091681
43.93084215166173,-5.130957258332484
29.320674248185348,-32.51741321160596
55.16171640757705,-12.31635637569737
18.847900200845388,-1.22824909037143
51.15874612254475,-8.784798099939144
37.93033254752368,26.152676190524947
4.899599712372886,16.039055035363138
17.725158632728338,-1.3089422197947904
22.734437917251537,9.864432697118586
51.87158727354608,-16.29286443471377
2.6369793739586034,-3.5022540906623254
-4.5851121865503,3.287665177973548
38.70228666123023,-20.944952449828104
14.749140658889267,11.288012240545202
-17.58517888224326,-16.11629698816841
-15.353745964132806,-0.8835020372694008
40.20825279258338,1.9803383165164667
13.49471021327698,6.706509852034369
1.841006204488918,-19.551386865234537
81.29029952035728,-8.76876472951628
-4.278754504083725,-4.719386075570096
1.0098149233726936,18.73413855537226
17.25213586734516,47.6605576550991
34.02471335076845,22.410141309914586
21.51898009722991,36.63152601595723
39.551056524550305,-14.107586833845899
7.948325970207251,9.591300563494434
49.05426533827461,2.1231323500171215
-8.92575501222835,39.808840149543734
76.84943525989684,5.357200980717137
20.79522801697087,-20.260979381244898
22.764338827496037,-12.808770090431176
49.18013264885505,-14.562853122726088
44.25536798299846,-1.5152431731876972
4.4704264393295015,-14.831272206981701
3.547629463386328,-8.735954239030216
51.02313202212326,2.5120151291292556
46.19926421904476,15.076582267840546
0.8535351767050318,-7.259536120421622
14.588283001860907,9.112232247991539
50.38286415134967,-6.052853651688443
50.732810342513154,-4.197685822003801
9.859015655934153,-1.4269414540567644
-0.3055163082699721,-17.08881817640372
10.66699821187721,-13.437685109364455
7.714318012516095,-16.273259755368933
-4.674419406765601,25.992476965502664
-15.192257797019218,19.840916506566376
-17.469470547383796,22.6745097368396
58.32786153350631,-27.234385387207563
30.91767707913179,-4.087809515290998
30.36276652072889,3.594862352877993
106.02912598801838,17.145656978717362
4.752384012917028,-18.941767249818465
-11.057789789207916,41.7881534770963
-17.530322719892514,-25.932964138410785
-17.1427746689283,-10.33830140175311
-14.727350919600834,-16.609284225533077
12.878579097634224,45.90564059463065
36.98439874721281,-30.90040680493198
52.471053816089935,12.645676689548827
35.43231192069374,-9.153904638327319
21.7043084829426,27.202630608092555
-4.961561733860826,19.72052265295871
4.905813676834705,6.81701242493277
41.494925045290564,4.520065232429177
34.79334695387693,17.680364543565428
-26.69419558673399,-46.46463690602703
98.64913059349693,0.3042132634044094
34.48589780313823,-10.547543410916282
-23.15714183708271,3.3986470262016972
36.07822754621207,-5.136231914866122
36.5432605273469,-20.880719845841767
41.219462546693805,-1.212774921845998
-0.5952807152374568,13.694213502664102
2.4624331058168765,-6.866851836799866
24.089249451528048,12.55571137929453
66.70958094901751,-25.95946555093779
36.60568575373799,23.832609472915003
20.33292570420766,10.663673706715302
15.020764771405954,-14.295950610237877
10.48657527204229,1.5020548798807356
35.29220207992589,14.801292959646135
28.71568682031886,-1.4358657628797487
31.88204424914168,2.5014781536025468
30.674903221832665,15.72297958188019
44.024381185327684,5.1303488172592
6.3510968969634165,11.312785251967655
33.8800528773612,4.146754300805346
59.50405326293515,22.925894261144308
-1.073293182919761,-18.83380070609064
-8.406965689359422,55.9250836581327
49.11736894739903,3.9519412610338747
34.27620375356004,31.823523217381716
11.393654745426975,15.515221995340413
47.33911477799296,-35.7970465863841
19.745692424182305,36.010885326965926
12.620247708971135,-6.65503441515727
-11.85730858179401,-7.277293686595881
34.152784829914246,28.616831961484824
71.54955063204294,24.1940534140778
-21.85702910936758,-5.795920351549704
-9.686194663982162,3.0569035247935856
47.44066364334114,-18.59753634043451
28.019032208243793,32.526152345985686
40.35837872196444,-26.63735112570064
67.65270839174929,15.449723283321594
-0.22993312953358758,-32.89918813753052
-4.878404456546085,-16.96958101888591
41.019903096477776,-23.59826265337863
46.580009606598175,24.111610459877458
-30.760912657355455,33.74490669517048
17.044194319837985,2.8765802499724327
8.748437869470783,-5.68312852406405
20.67247923231784,10.995256516748611
33.72754173448735,19.399103187919458
-9.038069317122188,-26.002015387905637
91.86994552534513,-6.008776627865479
8.56791105583635,11.394228710149669
23.037586491849282,2.7918065957379383
31.44277758784199,-11.637956390849595
25.17138896831991,-11.922293609629266
28.92304682122409,8.310600375844583
91.62818257026096,-57.25277414015194
61.941746974289465,-24.233748440037235
19.305155149929696,-18.616216109989317
-28.171093561600365,25.919995809579373
90.20307652366637,-30.001544816004003
41.52660268843742,-19.07573829633374
5.725588417227235,6.2913133196566875
31.53666861045512,3.25022268066981
6.875061841152164,5.579816058912131
49.720965222832156,4.039150309079978
46.684364099517545,-2.56477163429621
-2.9477185782412096,4.026671521918804
43.49597299092842,4.184939866966783
22.397866240436773,15.643679897224729
-24.2651652580886,-10.491494703132723
43.36608893373755,-14.952942975166334
2.886386751905487,-8.940299729268247
26.151727037106546,-3.798670370240425
-2.610375975871053,10.9257370918002
-9.512973818672931,31.083540832160462
5.233193290392057,-9.344566422083966
17.96917600330206,2.2612466924295895
-5.410996319441826,-2.4086208129958497
67.65033050211105,-6.334849661004749
9.48283883798721,-1.6746075950684212
93.03824237238454,-0.8335379726885032
6.722946689534203,-6.639564656857396
20.370684017611683,14.568550385006251
3.538776861261154,19.38690626019024
51.60164783300671,-27.3058868543211
-11.620187230367474,12.814940580668244
13.554463022792289,13.697939337059946
10.991419998102408,10.652737276645828
4.196202713053176,9.530393206586064
31.151430807616926,-23.695569220348265
-45.60741223521509,16.44353276552075
-15.489634246240673,-0.2723574474973019
33.64284289646057,
