0,1,2,3,4,5,6,7,8,9,10,11,12,13,14,15,16,17,18,19,20,21,22,23,24,25,26,27,28,29,30,31,32,33,34,35,36,37,38,39,40,41,42,43,44,45,46,47,48,49,50,51,52,53,54,55,56,57,58,59,60,61,62,63,64,65,66,67,68,69,70,71,72,73,74,75,76,77,78,79,80,81,82,83,84,85,86,87,88,89,90,91,92,93,94,95,96,97,98,99,100,101,102,103,104,105,106,107,108,109,110,111,112,113,114,115,116,117,118,119,120,121,122,123,124,125,126,127
3058,736,975,297,-1222,160,-499,-345,-1000,-2432,331,-155,801,-1216,801,-342,-995,-1125,-428,-1627,644,-785,-161,857,-533,-958,146,34,102,128,-872,-80,-195,696,819,-682,949,1232,247,1108,-243,36,-777,191,-445,245,-305,-118,-294,-482,171,-231,-228,-200,365,-408,-975,-483,516,-546,265,-748,122,-542,-124,-327,-12,478,334,153,-186,-629,844,259,-453,-215,-498,621,18,-201,114,143,123,-345,67,381,305,-91,-153,-133,479,-25,377,99,392,-48,-258,298,-362,162,186,315,573,274,115,-421,-110,-134,248,7,-522,304,88,-373,-121,-546,-204,-532,-141,125,142,491,-59,-15,-20,14,-260,-77
-449,1082,-1444,1136,-425,-674,586,695,175,877,-291,84,263,813,-771,687,-1405,187,-362,278,-1154,-129,84,8,-1029,524,219,565,300,68,366,-357,-12,-453,615,-371,-103,-55,716,1359,-208,831,318,419,-459,-80,-68,-370,-706,28,359,63,42,-152,-629,208,174,-8,259,-761,-602,206,275,-127,231,14,-428,-288,-393,466,-322,-712,77,55,-32,46,-167,-14,32,-53,-91,406,51,590,2,28,171,-231,303,-163,-63,94,243,55,-54,0,129,-137,149,-136,166,-166,-112,-261,104,47,-147,34,-137,113,157,-100,271,84,160,119,59,-123,-92,24,148,26,339,-258,-221,-125,-22,99
-5311,-2426,-1106,1115,-1522,-398,62,2761,-955,-458,2164,1086,-1707,369,1981,303,-170,171,-1493,68,-586,-73,189,1309,2,125,-706,970,702,713,-442,429,10,756,-153,-808,-506,-1279,-483,-316,211,582,-361,278,260,262,-380,-94,-295,53,243,-171,266,-354,-104,-107,692,-185,253,-409,-57,-135,-27,-456,310,-150,-281,-38,-139,-313,86,-350,142,106,-524,157,-77,-170,753,-16,167,119,-591,-36,73,-4,274,113,526,-72,37,349,67,393,-547,-132,307,-310,246,585,204,-620,112,-453,-283,168,41,-13,-46,77,40,-46,-36,-242,-23,11,88,83,164,-30,139,-230,-65,-79,443,127,128,-205
-164,1304,1580,2068,873,1009,-1883,76,656,-761,386,1274,-331,-84,1538,-750,-626,58,-604,-1665,-552,477,236,412,-177,-473,-1085,24,-351,545,121,4,186,421,-224,-552,721,239,85,7,-229,340,-597,357,-334,-200,-358,-294,-339,-42,-264,186,-348,298,-169,367,-296,140,324,-313,290,-394,-171,190,-260,-12,382,293,218,-23,290,-560,54,-40,69,-159,402,145,287,68,-124,-156,379,259,192,-504,15,-64,115,399,268,77,-389,79,63,81,-277,98,29,-70,-11,480,112,228,-438,-61,-33,-93,-375,122,14,138,-112,-97,-188,-387,59,112,439,80,23,-170,-40,6,-269,-121,-5,172
-7,2323,1428,2502,959,764,-1068,669,1149,-1449,1006,-625,-371,-2272,1003,-780,-1009,-819,-320,-1262,-163,255,444,156,-85,-398,248,947,-594,612,-448,-371,546,388,515,274,1122,301,222,-118,-166,-55,89,98,195,-898,-385,-949,-517,539,107,209,-704,115,62,-60,-143,-152,-378,-129,795,-844,494,-17,-11,-622,-397,304,354,-342,477,-466,376,64,199,521,310,66,113,596,181,-351,126,49,-242,-87,259,-174,-433,-233,-116,-88,0,100,37,-3,129,-168,82,1,-159,104,-289,-196,-270,-542,-157,171,129,409,-70,218,8,-59,-25,-285,213,189,305,40,-14,-111,128,-215,31,-96,-19,176
-3838,1078,1640,828,-819,677,-411,-2364,-764,158,-172,-719,18,-1884,572,342,-520,-390,-452,-506,-348,637,622,-39,-192,-312,-160,-76,-751,538,-1048,-415,-666,1358,134,-247,505,381,-561,396,-536,318,-814,-22,-47,-465,363,-449,-44,-118,114,-473,-792,-855,203,73,-328,81,494,84,722,-445,-84,38,-210,-185,-476,216,49,-518,-44,144,137,83,56,-309,740,-430,20,99,97,257,120,191,221,-86,-297,356,276,-763,-205,-45,99,120,151,-217,126,-149,-91,283,93,232,28,484,-112,-117,-231,-175,-63,-159,157,-386,54,-206,-32,-257,318,-399,153,-190,-213,298,143,-57,96,25,5,158
1236,2298,-2555,-246,-1334,298,-878,-1328,-202,-1443,-702,1964,962,-99,809,-1066,-1412,-138,-970,252,159,-413,762,362,-1453,-186,-799,-1484,-1132,452,-185,-48,-4,-308,391,183,-282,-738,199,191,72,645,-399,520,-143,-277,-210,241,-333,-270,57,535,280,135,-136,-30,448,-27,255,-635,-273,-357,-425,179,-15,511,658,-481,-16,128,256,-497,98,306,-281,-310,393,-291,349,-59,179,551,280,-165,-307,18,405,80,-131,-194,171,359,127,-557,184,263,-329,22,42,448,471,359,128,234,-203,-262,-164,-208,243,-100,13,-251,310,-320,95,225,4,-163,210,-168,86,182,122,254,-119,181,164,-32
-3874,1675,887,-31,1369,2330,251,416,1763,928,-601,689,-735,144,-727,513,2557,-577,-395,-806,290,-1538,433,130,89,71,336,-802,256,328,674,-381,820,-537,-309,-236,182,102,-299,-828,755,-43,175,-647,-350,-73,-221,-85,-7,74,254,655,-118,1129,-367,-5,-558,-125,327,-245,-43,21,260,-247,77,-132,213,-38,196,740,-202,-464,29,-160,379,-260,-128,57,14,440,257,303,130,-3,-249,155,297,-150,-123,5,-166,-23,43,61,421,76,-96,401,-202,-164,-8,-55,219,318,-134,79,-374,115,103,27,-134,379,-70,-77,-55,27,-519,69,-218,252,314,231,148,-422,125,238,-280,265
-4946,-1879,225,282,-1677,2095,-1595,1671,128,-294,-234,160,-880,-891,296,-226,688,-572,-447,-1485,445,-1879,-162,-95,-635,246,284,616,1042,503,292,-608,214,-324,113,-268,-659,433,-433,-789,124,158,-67,-495,-418,509,2,566,240,477,-62,428,-117,675,-556,-172,-315,482,349,-160,29,562,204,503,462,-59,701,-373,-396,-82,291,-78,-424,321,-115,-866,388,-619,-617,-302,251,-284,81,412,-206,-78,46,-85,372,119,3,-104,30,-228,-362,111,36,266,151,-375,-191,329,220,149,-113,-33,-402,-108,-308,37,-215,-65,-60,202,-91,376,142,131,76,286,323,190,191,-14,8,-35,-48,28
1290,2624,-60,-1114,-1306,-1359,-658,-195,295,-890,831,357,1453,-38,110,321,1504,28,-953,355,804,673,534,-336,-770,-293,76,-522,-148,247,197,-274,361,-318,682,129,-376,778,475,-39,398,317,-218,85,-612,-332,-256,-28,-171,-290,231,228,357,6,297,97,-170,25,1,-973,243,49,55,-104,98,-193,685,81,-254,-342,250,-360,-328,-142,-262,140,-275,-11,298,-80,108,188,-2,-139,-103,30,98,209,-312,76,152,48,512,2,325,289,352,-229,162,337,33,-264,226,77,-643,402,-382,48,53,-167,52,109,-8,-250,-142,-36,-43,-48,-55,173,132,217,-202,-171,-225,-124,-213,128
-1090,1021,1957,1901,584,1760,-984,-505,-79,2222,-768,701,-1105,-174,-323,653,525,395,-396,-270,-332,-493,30,67,70,-138,-418,280,-89,-140,-315,289,-476,-363,-1122,-457,-738,-537,18,34,888,-82,-819,-57,-314,-63,-46,-203,-28,-582,27,-674,-389,138,308,100,-212,-41,482,-374,-132,-151,165,-357,-10,-489,-547,267,-304,-2,19,-113,-211,-212,98,272,-473,301,-279,62,-63,-447,-159,-260,112,-151,15,22,138,-26,-17,21,-226,277,169,-325,-37,-76,-11,310,488,-6,271,-267,-264,-362,-360,32,-36,-165,429,-221,-285,260,178,-66,20,-414,97,-251,194,-110,676,19,21,11,-10,165
966,191,-1753,599,-731,861,-1649,575,1680,308,-1190,1143,463,-1163,-217,-749,813,1402,264,-327,109,209,454,218,-1373,-1331,281,245,747,-133,988,-283,-117,-496,-38,35,-181,182,231,478,-173,63,-1074,-12,-1206,69,-358,-380,-387,-34,189,-48,92,254,211,875,-150,-124,-215,-661,345,205,-687,-111,484,-191,29,211,-325,140,257,-100,273,-300,-415,614,187,369,-339,-331,206,-165,556,197,-155,-244,441,-62,452,-278,-212,-38,57,-220,-204,112,21,117,-1,378,-192,189,-86,-70,65,254,-40,133,87,-155,180,-401,231,127,-156,-310,-234,-41,25,199,-167,157,-138,-16,-264,-33,-39,-13
1562,188,-1531,1505,-706,256,-651,562,1045,-1172,-1611,-209,447,-1194,-470,-828,1671,224,227,197,398,-312,414,357,-860,-1154,-396,317,142,-260,1072,-832,283,167,210,139,236,889,-67,573,328,-156,-401,-384,-1076,62,546,-391,-706,-193,524,434,152,-36,-67,831,-200,-257,502,-600,466,525,-778,-493,-118,37,543,269,46,268,22,-146,-74,-517,-458,611,22,-61,-244,385,98,-14,76,-43,39,-557,-7,99,290,-187,-173,160,-136,196,-71,-52,185,92,50,72,-17,-31,85,56,-518,145,240,-354,-65,88,106,-27,96,-535,161,41,-332,-104,-289,44,-362,86,-341,-8,-13,194,111,177
4448,1241,-1469,-1089,-2003,-1587,-760,-923,-3062,-29,-95,-1715,437,354,23,696,954,-792,-863,72,166,283,-182,200,-934,-242,-969,387,-182,-740,2,-395,-720,-337,42,548,-78,202,-82,-224,188,-151,-278,-221,-640,-321,-528,-650,447,-541,232,64,-183,-701,-185,14,-131,-286,499,-207,50,-381,-168,-533,473,-201,298,-621,265,186,39,167,636,-431,-135,-208,-559,41,348,22,371,-135,33,-417,260,221,41,213,22,-346,-281,-35,-359,-398,-128,-65,15,-21,581,-618,-459,355,-378,304,-409,-86,443,-383,-493,-103,-49,-132,-162,-260,168,-58,-521,-5,116,113,-106,297,213,176,-123,-147,-92,490
1226,182,4088,167,1751,3830,-1727,845,-243,-475,-1155,-1240,70,1599,-8,-105,-499,-987,366,317,-421,-1394,862,1043,595,-171,14,723,-180,-496,18,559,1267,626,676,696,-314,995,1251,-816,66,-493,-18,229,147,-103,507,-145,418,-231,514,-160,363,72,-156,-300,394,-127,569,-136,-310,187,-432,496,-145,472,700,-120,-277,313,-211,476,542,-959,-156,-207,461,399,-97,-175,-494,-360,103,94,-148,-83,413,95,-250,-198,310,27,-111,45,-237,-187,-57,-175,127,423,-101,51,651,108,-352,568,-179,142,569,-298,-235,316,22,61,-304,214,-491,135,113,-319,96,-24,-216,-48,-36,-294,6,-235
1397,1540,-1469,-275,1316,2381,-3567,328,-808,441,-896,-465,-220,843,1156,-406,-584,155,-955,-1297,-1050,-445,-1765,889,501,789,-88,248,367,248,-855,661,508,-252,186,796,1246,412,109,-668,-517,-365,-410,819,613,-240,250,-134,959,-103,-833,565,-485,465,-129,-44,525,-305,694,48,-97,216,-563,89,163,125,-143,285,-451,369,468,-299,353,16,248,-268,-160,2,3,244,274,-34,-152,261,-19,-14,-73,176,-238,-280,-271,-2,114,206,-66,59,164,55,129,228,-154,-334,168,250,0,118,434,-46,67,46,-542,18,-170,-151,103,246,-249,194,76,-16,73,-248,235,518,150,-181,-6,-481
5020,-1323,-435,-1284,-358,138,1191,-1488,-2567,-681,1773,-379,-322,90,-1539,-209,2075,535,-302,89,56,-1221,-772,303,401,-134,-562,93,-1440,-931,204,640,365,1064,-734,-2,457,208,-250,154,90,46,-1008,445,304,-419,-518,292,-409,-79,750,60,-734,-458,130,-118,88,556,-27,143,62,-7,-184,-47,460,33,-203,201,-172,454,119,261,165,220,-289,94,-445,243,227,-135,177,-482,-193,103,-4,173,21,92,0,-49,-43,-294,69,151,-368,36,-152,-48,619,-164,-441,173,55,104,199,-110,-140,-51,-124,-6,200,333,-137,322,231,285,-108,-526,-76,-49,18,116,-43,301,281,-292,424,261
-1717,1581,-2091,961,415,1419,-1018,-1844,-1540,1058,-176,-287,-1420,45,-1428,2146,-245,174,-1730,-311,-519,-395,179,-1126,-173,-405,-246,496,882,-320,305,-229,1450,634,395,-408,213,-324,120,-144,-449,264,147,245,-219,205,-224,-226,-527,271,156,520,-579,-164,178,3,-321,59,375,-193,-103,-58,-246,-53,-342,36,-326,498,7,-79,297,-109,-554,-3,324,-144,-268,455,-154,405,62,198,-419,-255,313,-282,-44,235,-484,-276,-138,-291,235,315,427,-174,-39,-30,-403,593,635,201,-161,-73,-147,-287,-253,-434,-145,-83,275,329,-72,11,-63,145,33,-30,-57,-273,3,179,267,-52,-70,-12,21,-287
6444,-82,-1804,-2278,-1412,-1659,2256,-2089,-1477,-898,1456,-354,493,950,985,-581,1645,-792,193,297,1080,-1560,-596,-69,-652,-593,-1094,465,-1490,-379,98,1026,338,570,542,468,1558,-119,86,-421,294,-34,-1217,-371,325,-1128,-647,-543,198,113,657,291,-419,-456,268,224,136,609,458,-249,80,-327,-396,-385,620,-130,489,-363,-252,-441,190,22,-683,175,-142,-314,-447,53,68,-84,455,-209,-434,352,438,-79,69,-71,-599,115,177,-122,238,266,-265,122,-225,-33,404,-353,-623,26,542,634,-701,-42,-52,-128,-353,-281,-86,60,-438,468,467,-22,144,-260,-301,71,44,-211,24,123,-12,-393,219,-106
-639,-1398,1315,624,996,3489,955,574,-1296,1124,60,2013,460,-930,-654,-458,119,-667,-682,92,-253,-246,-946,-701,-761,227,-541,1153,691,1344,-439,517,422,950,-74,299,154,362,275,695,203,456,-409,719,281,39,-155,324,-385,80,573,-167,225,-292,-514,-102,-143,232,-250,-59,14,129,259,-37,341,527,-191,-135,19,181,-382,579,218,-502,76,120,140,288,-175,-100,-293,-216,193,40,-275,-453,-415,-160,141,318,-162,-61,-139,234,44,250,-47,178,-676,191,144,156,327,203,-223,271,136,-322,-314,-240,0,-299,-146,78,-107,169,38,191,340,-166,246,87,409,-58,-21,-33,367,-136
923,128,2916,192,475,2788,-700,1259,-689,521,501,-228,320,879,-516,-1879,-59,-334,143,123,1616,421,-425,1104,696,652,-484,610,64,-64,818,-164,780,468,-462,-23,339,179,43,542,118,753,60,-251,136,-769,-374,-71,-365,56,14,-219,326,-467,-176,-362,571,-3,14,101,-317,617,181,8,599,-153,172,63,-104,83,59,418,536,-120,-126,211,-54,-494,-50,179,-290,152,-23,-219,473,-121,-288,217,-385,-149,199,-22,126,-43,63,236,37,32,-84,-37,146,181,29,84,-201,-107,117,-205,-158,128,60,-26,208,-171,-43,347,325,-534,-137,112,368,-65,247,60,106,-29,315,164
-3427,-2290,-1509,-89,769,1437,643,-292,-2066,-2148,-488,-1188,516,-654,168,1106,163,-194,-1247,-143,-923,-611,-1170,-8,578,-255,-329,837,218,14,-693,-504,-100,-743,-278,-46,-61,-111,-519,-55,-649,-36,114,40,128,384,64,-693,150,641,-1209,415,377,527,-197,-639,-254,508,496,-516,1,141,-424,-483,-211,-102,311,275,-10,-260,-404,290,-144,399,497,305,319,267,240,15,-100,-45,76,-15,10,135,326,575,368,295,-53,148,-107,-470,167,-50,248,169,309,34,32,-259,203,4,-234,-33,-568,-375,-168,254,388,-106,1,-77,395,-23,135,0,233,202,268,-38,-7,-170,-1,-236,424,-233
-4447,-1344,-1543,-1857,2825,1158,638,-323,-1779,-1646,-743,220,584,-666,-217,68,-274,1544,-2052,-874,497,178,39,72,-364,-65,216,371,591,-176,919,737,642,202,-255,-236,-249,-18,190,-73,67,312,810,75,-338,-475,67,-677,361,775,73,823,77,-51,-19,-227,-658,-95,344,-70,-116,-310,-286,364,211,-189,-7,304,-73,-280,52,-279,-53,94,145,-31,264,-24,-69,-483,-42,1,47,-19,-229,135,-34,-209,-68,122,141,-50,209,-51,66,46,372,-4,-193,-353,255,80,23,-83,-20,12,-90,87,-232,288,-80,-25,0,-298,397,-84,-26,231,104,245,-300,463,323,-41,-54,-15,-298,208
-4059,-51,-2523,-605,777,653,-58,-2,-1173,-1223,-703,-2464,558,-996,-1221,282,-502,1089,-1324,864,106,-589,-952,-549,-434,1572,-528,1237,142,-1197,-734,-380,3,-886,-88,-678,459,371,498,-489,225,72,943,-115,64,-109,-108,-424,-230,581,-84,778,1085,-225,-166,497,391,-302,317,168,422,-221,-216,-640,-122,14,318,-124,-354,1,-480,-239,-253,-135,-322,47,463,-142,-382,71,6,-221,-397,289,-147,45,-98,-15,-171,-199,377,340,537,-46,-176,60,-31,117,-85,-278,57,-116,-128,-431,86,-76,-288,-49,-412,162,-114,-146,179,-147,334,-251,189,-184,273,385,-61,7,-260,-132,-297,183,30,-297
-4373,-607,-1743,-1053,275,1175,963,-433,-1242,-1948,-1514,-1631,561,-790,-1380,165,-18,815,-1434,-77,-22,396,-633,-758,-458,294,274,706,-247,-641,-138,57,637,-656,387,117,439,176,637,-215,232,539,519,290,96,123,500,-690,-346,629,-195,492,635,332,128,88,93,-171,286,310,473,-160,-37,-867,314,209,238,-44,-417,177,54,-75,-269,-158,148,98,469,49,-64,-197,187,-111,-2,36,-56,140,166,-52,-95,-141,396,199,135,194,-203,256,299,21,-160,105,230,74,86,-169,-63,-118,-363,110,-173,-70,1,-228,111,-261,336,-355,208,271,281,55,24,-103,-78,-178,-167,-163,272,166
-2089,-1079,-365,1666,-1371,-1587,1972,192,326,188,226,71,-919,-1477,-1171,-1167,-193,573,-164,-230,196,1347,-1067,-420,-249,-115,-178,50,-314,-1156,88,-428,876,457,-1187,-336,-492,777,-553,-482,-401,-223,350,296,241,169,-10,402,-17,-255,205,-123,-19,295,-409,7,-52,34,258,322,-348,-89,-180,-281,-172,160,405,-620,26,-42,-100,-288,222,187,268,141,246,203,-461,28,532,-195,173,-167,-320,-87,-316,-45,-134,369,406,-242,239,-179,-28,-226,-91,-216,23,-169,189,294,808,-283,-111,-83,170,-267,344,-277,179,-567,-180,-35,236,158,79,-297,12,2,-184,-20,-118,-16,-129,-229,-357,-220
-3966,78,-516,1438,-784,-2511,1309,64,336,-9,-121,-706,-1456,-852,-1671,-1379,-709,-8,-190,-280,372,1249,-91,-608,-896,-421,-522,-373,181,-382,-126,141,796,347,-1252,-158,430,612,-296,-785,-300,-558,514,-8,-359,-227,-172,-252,228,-569,516,-226,-87,352,-564,-31,369,76,229,180,-22,-118,-218,-227,-417,226,423,-313,69,-320,135,174,403,81,-200,260,-42,422,-122,93,346,-223,70,-153,175,-12,-32,-491,33,39,93,-111,254,-142,-61,-389,-128,-246,-215,-65,-109,-17,479,117,332,-150,-54,31,492,438,103,58,-215,-43,48,15,176,-173,278,210,-296,-52,80,248,-147,-324,-86,25
-5109,-2118,1531,2555,-2179,-1369,2133,4000,2357,-873,-471,-371,-2514,-2040,-175,-622,801,-637,691,520,-198,572,397,670,-633,-19,810,-1300,-181,-785,-98,669,428,403,1218,-113,1115,736,-1376,-70,-560,-1247,-275,238,348,-661,599,-68,107,432,-181,301,-731,-1006,-1060,473,325,-723,-182,172,6,475,403,697,-525,-182,172,-652,155,325,-364,-16,97,-51,289,-609,-314,164,-199,-717,83,-312,-272,-347,201,464,606,-326,-818,-51,458,34,125,-618,-258,716,346,-203,341,-269,-241,-354,72,-42,193,117,-48,128,373,316,-329,-406,-66,-363,-222,-365,120,-178,-412,-296,-62,33,-52,13,-368,324,-4,145
-6674,-4436,897,818,-2003,-1732,2196,2316,-406,-1196,121,615,-1979,-1710,943,-414,1302,308,-1132,700,434,1155,-691,359,160,276,-116,-638,-300,56,291,-44,773,47,1027,-62,-108,30,-828,-475,19,-675,-176,993,683,-301,229,-59,192,294,-755,11,-958,-383,-811,177,-257,-636,-53,77,-315,-160,370,-146,279,-400,156,334,-199,446,-121,-515,169,-175,19,-163,-344,91,316,-519,-377,218,-414,229,-34,301,1051,-40,-544,-553,75,52,-215,-1,-122,486,127,-282,832,-426,-64,-630,357,93,-224,-203,470,166,1,-234,-128,28,222,71,243,395,127,198,-221,550,189,-200,-182,20,450,44,-21,-234
1567,2805,302,-240,-61,-589,1743,-1494,-249,327,-1694,-664,-1182,123,896,1383,-590,-602,-955,439,-802,183,527,-1458,658,-129,390,-593,1138,161,-651,1128,-263,-495,588,207,-295,45,184,381,310,148,391,400,615,285,-691,188,159,-60,163,550,699,369,-840,-730,610,-479,223,-119,119,82,-184,24,368,119,22,185,640,553,375,-650,-42,374,-356,756,-306,94,-239,-287,357,-149,14,436,381,-119,-59,314,-147,-128,-78,83,128,-27,200,17,105,-311,-83,42,-189,197,-89,-97,749,-332,17,79,-135,-86,-70,-19,-73,-89,118,220,-144,-196,240,356,39,379,-79,241,-417,-351,389,21
5081,-675,0,-4434,-1521,2344,691,-1866,65,-783,1962,-343,-753,-451,-601,-921,633,936,-997,-475,988,153,90,865,636,-754,-326,-297,-98,585,-245,245,-122,-262,-75,-1002,-31,-229,326,105,-329,63,412,92,874,-873,-12,-60,-397,-771,-633,103,-564,-194,892,657,-165,-120,-618,26,630,684,-787,294,721,280,-543,-510,-201,317,-114,68,-836,625,-344,-46,78,196,-238,-453,845,-417,-154,189,698,-12,132,-111,157,16,-98,177,-82,-64,560,534,-202,-15,484,-276,-123,35,100,-489,0,-200,70,158,-330,64,-83,455,-308,26,-219,-48,-584,171,-140,154,356,-313,549,-261,-69,-112,33,47
3115,1062,-1521,-1768,-2023,2345,1783,-1762,862,-1037,418,-787,-766,-989,-46,-399,-296,1643,-1,382,293,308,449,640,717,-560,-2,533,531,444,-451,-62,251,424,33,271,-161,-399,343,298,-81,28,52,-511,-40,-31,-33,-370,166,163,-368,-191,-93,384,74,183,-489,379,-517,-473,-386,93,-278,97,171,362,-255,39,276,425,-158,147,-239,11,167,-205,-269,-246,336,-547,344,-26,391,-46,212,153,-88,168,201,126,-66,15,103,18,151,240,287,-341,-124,-127,116,-241,437,-491,-643,-184,135,-137,32,80,329,-25,321,-142,60,71,-361,-57,-213,-131,6,-425,201,-217,139,-172,152,101
-1731,608,2376,-721,-928,1099,-574,-2169,409,422,-1388,-246,729,1048,-428,-853,-753,-797,-825,239,74,31,-246,-655,-931,-241,-14,1077,-116,122,504,736,-160,-65,-601,-363,660,67,526,153,-811,-504,-234,-546,-65,-36,182,-53,-503,59,-690,-110,31,95,-509,-272,227,-515,-218,-43,-274,177,-564,-35,-41,210,453,219,-8,-41,396,-28,-129,99,-678,-12,216,184,129,-181,357,-180,-61,-134,-47,-146,200,101,-135,-35,-155,726,-105,0,-109,-254,-170,56,85,-246,53,-448,68,-134,-497,297,-289,-291,-76,382,214,-35,-144,114,-68,-8,-10,-51,-61,-196,67,-412,-139,-137,11,15,-92,-78
3062,3945,-1180,-325,-1308,-556,-207,-2106,2110,772,222,403,220,-812,255,-638,-796,-40,-898,1162,303,-662,787,-333,-483,129,312,-209,816,367,-278,861,-72,-2,176,-100,137,-28,101,563,122,366,422,260,268,-527,-162,403,232,136,664,-416,352,621,-45,-338,580,-452,-409,-286,-287,-13,-271,109,-81,507,626,-190,680,553,170,251,70,-7,-277,351,100,-236,187,-173,164,370,-593,364,-213,-79,-211,253,100,-225,-129,-178,-320,-205,107,114,16,260,43,441,212,-277,-60,-48,-128,258,-254,136,-174,64,300,138,273,317,197,174,225,77,35,-1,-4,210,37,122,-275,-157,-147,1
-252,849,2645,-1161,-932,-310,378,-2249,123,-396,-707,457,220,579,-813,-270,-2064,-499,-1523,153,-61,174,84,-735,-932,-14,18,906,-711,804,399,692,66,840,-112,-630,295,712,325,361,33,-297,-192,-348,139,174,-215,407,-6,269,-140,141,116,34,-373,-378,530,131,-107,232,-22,286,-260,-128,122,-135,383,365,411,72,100,157,-1,465,-93,397,161,-103,-90,-123,51,144,-103,-271,244,-188,358,336,183,-128,-491,457,-144,-313,-65,-161,208,23,306,-240,-122,-441,-83,54,-516,2,96,-268,245,17,432,-200,-339,16,372,154,-114,475,-36,-292,166,-312,-130,40,200,213,-292,22
-3050,-702,102,892,631,-1869,178,-1333,90,-947,735,1194,1855,1216,-779,1603,485,-897,-786,194,861,285,-171,-1080,393,-599,34,200,152,-346,-508,184,-959,-278,-160,231,-165,81,-521,-7,-44,169,-39,356,312,312,-728,-489,262,-273,431,-344,-247,212,-315,384,90,-315,545,-83,-257,309,-261,-733,-518,-98,122,-136,-34,133,-315,-118,-6,259,-149,-206,194,220,353,-314,22,-54,79,68,-144,99,326,-156,155,169,-63,477,-309,0,-37,-177,121,-157,184,107,158,-700,-330,123,192,-139,-48,-21,-25,-512,-330,-54,-57,-36,-174,110,169,-42,-138,-111,181,-14,-46,263,121,222,-190,83
-4126,-530,-1563,1729,-1522,469,-1040,-1159,1081,-1206,-568,1526,-288,842,443,-136,412,399,287,1153,485,325,-622,-671,72,20,65,-236,485,-350,-1222,-282,-597,177,-281,-380,460,-476,810,-594,-74,-82,-279,-344,-275,-269,-497,-60,-332,-468,-12,150,-510,-73,210,289,-128,-276,43,223,86,277,-296,-196,-195,48,70,-482,-72,-90,-211,96,-199,748,-86,-120,465,-87,101,-79,-5,-617,97,-340,156,95,-106,145,-137,-217,392,-39,-177,167,-40,-104,125,-274,36,99,318,340,-413,-271,220,-73,-18,315,-285,64,-173,-147,-83,54,53,-219,157,-261,232,410,-263,-70,-262,11,-177,-78,-68,110
2275,-3598,4923,-1932,1894,-521,-1157,-1569,-672,-784,1133,-484,-904,-837,909,605,-1111,-118,1114,774,-776,-807,17,-249,-624,618,734,-178,661,-533,712,-307,141,-65,-497,-369,406,152,144,-540,416,849,534,324,-714,291,387,552,62,5,351,-441,-148,475,144,-326,91,339,-71,-191,468,-75,-605,277,-319,-168,-368,-99,-297,64,-561,346,109,-125,460,-44,-92,189,287,294,118,-515,-273,335,-363,115,232,-186,412,-146,45,-344,97,-153,-400,276,134,188,454,-323,452,-203,366,227,2,-216,-90,163,-143,35,44,-108,-81,-606,52,-32,-610,-39,-237,149,-306,129,101,-263,-43,160,-27,261
3774,864,-3798,1027,-2261,-964,1496,-1977,-1473,-761,-1011,1300,-1102,-136,624,-515,675,-207,-341,-613,-121,-686,975,-105,643,-1341,-535,282,-1394,-1036,306,-9,345,-332,724,383,137,-489,286,-1096,219,699,-985,391,508,62,446,-650,-562,174,-428,196,194,69,-337,594,176,160,101,-256,307,514,-48,415,-236,-22,93,-55,-109,-191,24,399,278,-212,-398,-117,232,245,-55,895,249,-94,-378,31,620,-196,105,-25,325,-952,-154,195,-664,494,-422,150,-41,55,2,-340,-171,584,-17,-89,-11,193,540,-137,-145,-88,-220,27,-411,-316,17,-123,356,139,291,75,439,348,183,152,-204,-156,153,-501
2311,2486,-2363,1746,-21,564,-478,-2942,1523,-409,443,63,-1395,-701,171,-900,-215,13,-297,-211,-640,-559,750,203,-82,-215,103,-445,-104,7,393,946,466,-819,182,-168,-543,-483,-569,-217,465,446,-329,296,-87,25,506,-290,184,-74,54,729,381,-156,-281,-80,-690,203,-455,222,244,216,30,694,112,152,508,427,-179,88,-173,-252,-14,265,-596,200,-10,292,342,93,398,291,-145,513,58,16,-171,79,-104,-365,-235,-150,-359,396,226,95,401,-223,521,-244,-537,256,-381,-478,-62,-132,35,-424,-108,-23,-49,14,-162,361,14,-154,-84,-135,-65,278,306,93,228,74,-173,61,343,-298
-4524,-2172,1168,2026,35,-242,165,1106,-14,1447,1392,2109,615,907,-349,-172,309,0,-218,697,1541,-464,-734,-586,541,-1206,-470,117,128,645,-382,-419,-938,214,732,-354,-18,-733,-790,-522,128,-828,-290,-99,98,221,232,296,215,-260,508,600,-727,285,-94,-153,-191,52,478,279,214,537,-25,-12,117,-535,-96,17,-380,8,-538,254,-248,71,117,104,-41,-3,-306,14,-196,-53,299,-54,-51,363,75,-210,88,105,-346,200,29,-479,100,393,-467,-69,276,233,-395,-279,435,-261,-475,-413,-71,199,-222,-42,-105,5,-391,-128,294,296,334,-299,478,267,-269,-51,-106,56,-241,-214,281,-362
-3529,453,-2405,-349,-42,-197,-2403,-1420,1489,210,-450,2045,1246,2475,1600,34,1447,194,544,-42,178,-646,-6,-26,708,-507,-217,-926,-20,232,533,-618,-97,-145,-716,189,36,-258,232,100,-546,38,199,44,-277,677,-151,-51,-1,-359,181,151,-204,-112,-547,610,134,-16,146,593,-602,179,-197,-385,-172,276,16,520,-534,464,1,12,-240,533,-91,-130,143,-290,-173,-306,552,140,-310,-154,258,-35,73,-69,54,142,104,-200,201,-137,-68,121,246,174,6,302,434,12,130,297,119,-458,-244,89,52,-142,121,-165,-181,-325,-45,-99,290,136,-31,-97,-58,418,70,4,-9,-103,-185,336
-6065,-2305,-141,-1265,-41,-427,479,986,-230,-1135,528,204,-100,-902,274,-179,422,-541,-484,-268,-55,-521,-222,112,-880,444,-311,1052,-38,-24,84,589,-1054,168,158,801,-454,258,-529,-633,-354,-48,407,-340,163,190,-165,253,775,-59,-113,-468,191,-8,-107,141,-431,-224,-442,117,302,879,305,130,49,-183,315,-256,338,-361,146,174,-251,-498,-222,379,-330,266,110,-191,73,95,-21,319,-4,-181,-92,-3,82,205,-36,146,-367,8,-66,-191,61,-331,345,75,-115,165,-160,1,49,-180,15,-354,248,225,170,36,61,-83,70,-112,-115,19,-245,-7,58,25,-71,-25,-27,-203,66,-178
-4634,-560,744,1224,58,354,1147,-1530,101,-522,702,337,1041,-632,617,687,307,-793,158,106,72,483,-1220,329,-261,156,689,461,-898,-159,-1006,120,-37,471,407,-496,-242,622,922,-390,-249,3,771,187,50,-32,-695,198,-6,166,425,323,-370,206,26,-457,-139,-293,-373,307,525,550,588,37,193,-350,210,-321,-49,-312,-46,-571,144,-433,19,425,241,-93,-128,46,-294,350,395,503,255,-64,32,443,52,326,240,-161,-146,137,-266,-438,-54,111,148,-30,-400,-16,336,-179,125,219,-103,-341,45,-164,-91,61,-29,-61,184,65,98,-39,-7,28,90,-164,134,-108,-100,404,157,-31
-3863,-1892,2542,1500,2142,-610,1824,-1345,-777,-846,1106,30,1064,-919,487,-401,333,-677,-722,75,-357,-177,-1624,-435,-202,-507,54,-48,-319,-131,-261,650,-591,178,-179,-1102,-895,-224,-130,-743,46,-168,780,32,-317,172,-259,262,369,-78,165,257,-19,-338,-344,-188,315,-178,-280,-492,54,139,196,-436,-20,-255,311,-88,65,-167,470,-861,428,-383,-150,228,50,-356,-449,321,-144,173,-99,312,90,186,-257,322,-203,-283,20,-291,-413,-253,-158,-474,272,119,145,92,-292,377,169,125,-69,62,28,-120,-131,-27,-154,-57,-46,238,-83,69,297,-19,-185,236,-32,-95,143,-265,46,347,68,60
-4917,-315,600,-2131,723,-609,-88,315,1204,1,-761,1540,2407,-610,538,491,1387,1194,116,-393,747,470,-365,-210,248,132,-186,-321,-1180,-565,-39,-291,-346,698,639,18,305,-258,-274,49,161,70,-61,-370,168,176,-111,-14,379,21,-163,421,102,440,-829,-324,84,-598,97,-137,74,31,175,614,-90,113,-326,-549,248,-146,-118,79,2,-68,13,266,-71,-409,-417,-169,200,718,-67,-103,-20,26,-225,145,387,-315,128,258,212,70,197,323,-195,76,-179,-124,-136,-132,-73,-652,136,205,211,392,-285,-76,248,137,-200,-68,248,199,-264,-73,244,282,-168,96,-312,-112,206,30,-213,72
-2234,1324,689,1536,-801,375,-1441,-834,-294,1025,308,91,1307,-798,326,-32,79,1030,-341,64,-733,74,-460,824,-230,-274,481,9,-599,-137,-1232,-141,-24,-85,402,-141,-453,367,486,668,352,344,188,-57,-116,286,-138,645,133,-557,-159,182,-598,-129,222,189,-239,-411,-380,58,354,522,165,-43,9,146,114,-710,388,127,-121,-262,-254,-62,115,467,390,24,-134,11,-353,42,-128,229,-148,-530,-94,189,-167,-105,-142,275,-48,244,-185,123,-516,-311,12,-458,167,39,-166,-149,-318,-21,36,-41,-64,174,-117,35,193,113,212,-100,-37,-233,27,-79,-181,-17,163,191,287,-167,226,389
-1343,837,2676,1497,-622,-559,-2084,-908,-217,-81,660,-1310,1306,-1621,1257,-249,584,1226,-256,-1262,-37,794,-226,681,458,228,289,441,-276,330,-623,529,-411,-17,298,-488,-41,-119,-24,-158,-399,106,-208,-78,-557,460,-296,-194,-114,-186,-509,27,-964,-387,-51,196,-396,128,-363,281,-94,264,349,-114,-176,-187,26,34,-308,-381,27,-110,665,97,405,6,-129,-470,-344,-52,371,26,-248,177,368,-164,161,-182,6,-150,29,-283,-327,-179,88,164,-165,58,-55,-585,-111,124,-103,154,-98,396,230,112,-120,42,25,-294,-92,539,157,-17,124,-158,-217,340,140,-457,-50,106,-85,87,-383,243
-2537,801,368,759,-7,530,-1770,-1072,-685,846,980,894,1938,-101,807,-358,742,1115,22,-173,-522,-229,-385,860,156,-68,273,405,-412,425,-247,76,145,74,-340,68,-85,314,519,-105,222,589,-94,-342,-363,169,175,718,-2,-70,-308,298,-570,-257,-191,138,-162,-353,-271,271,366,340,172,-134,183,80,271,-514,290,191,-274,76,-32,118,-39,359,144,-189,-290,228,129,188,-30,180,-25,14,-229,88,-140,99,-330,193,-40,-184,-161,23,-463,50,3,10,-170,220,-318,-295,-179,70,-70,-193,108,187,-121,107,104,140,-111,-252,26,-143,85,-160,-270,-46,0,-11,141,-13,61,364
-3908,-1124,-942,-112,-2206,876,-41,-2025,1282,9,984,302,1058,810,851,225,-79,1063,606,985,-1051,333,-587,193,704,-294,1056,286,-261,-362,-891,112,593,91,649,43,70,-76,1231,27,103,-50,32,-40,-82,550,119,-5,-232,2,-270,-189,-192,-49,-46,-507,-263,-362,-520,489,195,238,288,-160,-92,-92,111,-377,210,-109,-52,118,-36,-79,163,425,636,-105,-339,181,-60,-210,-18,113,48,-76,59,148,194,246,-277,78,61,18,-411,-98,-259,-107,-24,388,485,138,-176,-126,-353,134,141,62,12,-355,-52,82,-66,88,277,-144,113,-310,10,361,-187,140,54,107,-124,165,248,199
-4663,47,160,464,-1136,858,-521,-930,1244,441,1043,176,912,199,1055,571,212,-208,400,1006,-312,-79,-1291,90,-305,154,124,576,-649,283,-446,192,64,192,463,486,528,-51,193,-90,-768,500,-7,146,-161,-12,-251,214,-549,-145,-24,316,-139,206,61,-765,33,-402,-334,142,227,-152,555,235,-19,101,15,-177,-96,-488,569,-161,-143,-308,-248,347,202,209,-37,167,380,-135,14,369,144,323,-164,280,0,639,-116,26,-166,168,-118,-245,-171,148,420,-258,63,-13,-99,84,-119,-23,-230,-16,-198,195,-29,248,43,92,85,-163,3,-28,40,208,187,-241,223,-34,-262,130,100,-18
-3152,-122,1477,1349,770,-1211,-794,-1037,-402,375,863,-848,1429,-709,332,-561,615,588,-1029,-100,-229,33,-1198,496,-253,-3,198,860,-979,191,-304,334,-395,203,298,50,-97,267,-80,-233,-311,144,-55,-69,-1023,96,-4,-126,346,-302,-246,458,-288,-294,-214,65,-300,-401,-196,-106,145,150,431,182,-92,-115,0,-304,-138,175,130,-682,148,64,-63,253,77,-141,-402,135,-85,161,9,425,174,-186,-309,127,-474,287,-5,-70,4,26,97,-15,-82,-8,217,82,22,25,-383,-280,-107,232,43,120,160,28,-113,250,-133,370,258,-63,144,-38,41,-309,-67,-166,105,121,238,133,143,260
-3453,415,502,703,1439,1198,2187,-857,-487,-835,-850,-523,-213,-658,-750,-403,1484,-392,-378,-755,-371,260,-839,24,-1091,162,1,552,-448,-730,-61,-431,328,-279,17,-540,-254,533,606,-17,-344,27,169,273,103,15,31,518,-270,183,270,207,-123,762,380,209,-429,203,-79,-205,-175,584,126,-440,-22,114,127,-25,-166,-148,-2,-501,-96,-88,55,28,180,-190,63,93,260,101,13,222,552,-83,136,-221,-264,226,183,-103,294,-48,-103,147,246,107,27,-155,-574,-14,-64,0,-44,-245,-90,-1,-78,36,155,-217,-180,97,-290,254,117,38,-172,106,148,-320,-117,1,38,-57,171,124
-4631,-530,-1082,415,517,279,-2,-68,-845,-718,-1319,225,-129,-1462,-444,170,966,237,-263,-1262,8,-505,-566,366,-813,707,-524,642,268,-481,-446,-307,-220,-20,-228,-601,-273,10,303,-288,-349,235,-91,387,-233,538,-136,-36,519,626,-57,448,-374,652,701,-143,144,31,42,542,-315,607,75,386,60,-169,83,-642,-228,229,-298,-1,-409,-338,314,-114,-126,-28,9,-239,112,-131,278,194,455,-211,-86,-160,-265,-140,403,123,215,-9,112,-96,-44,-179,350,-92,-272,84,-56,-147,97,46,-88,-59,-214,-5,218,-251,-54,187,-44,-8,50,43,658,187,214,-168,-226,-71,395,287,224,78
-6215,-1624,-1417,-434,-849,-466,1059,1014,-871,-1110,-856,-694,-571,-988,276,683,-40,1118,-144,-743,93,367,66,63,-821,792,-485,49,44,-62,-437,-913,343,446,1299,-844,76,-45,24,-740,400,-701,62,185,-215,121,-199,218,-80,-62,-202,203,12,-435,92,-123,222,-92,-510,658,-21,308,456,371,204,-213,583,-385,-214,226,-205,265,-345,-24,667,-13,-102,-293,367,-439,-232,-326,486,452,148,33,264,32,130,-337,278,-225,247,68,-236,-24,-169,-300,331,46,-447,-15,-62,-275,425,-427,-190,24,-358,201,-83,-441,17,-240,251,-363,-90,-83,447,-83,229,26,320,-180,-161,243,-164,-188
-4598,-1370,-1065,-450,-1308,513,-950,268,-1444,-1592,-1005,580,-1563,-1143,180,-152,660,525,-1135,-1343,-560,-276,-212,698,-745,984,-355,800,392,-514,-402,-393,-635,421,-262,-413,-364,143,-142,260,-126,256,-780,-69,-169,168,-228,-183,585,658,117,92,170,507,973,-10,226,185,-241,-68,-423,508,-231,218,154,0,-45,-638,145,-286,-180,210,-176,99,49,284,-221,-223,-129,-542,-275,-303,109,-284,120,-44,183,278,-284,-315,119,72,162,-164,-27,-745,101,-155,183,-505,-374,498,-414,-312,136,308,143,158,-345,13,-77,-389,-63,-77,261,0,51,-159,61,301,31,54,27,-227,170,273,128,-54
-5640,-2068,-1333,339,-1024,374,-413,1063,673,-1016,251,4,-1139,-1426,-125,27,189,437,231,35,-649,-253,226,576,-1116,207,-987,282,473,-381,-1024,380,78,79,-45,5,133,273,-136,-268,83,293,-961,277,-25,191,-531,-131,61,-118,-34,-689,385,392,319,75,40,-8,-16,3,-350,691,152,232,-2,-195,466,-289,59,-19,412,80,-228,-213,-74,335,-135,-177,-203,-238,161,141,-366,-151,10,-110,70,560,-90,-211,197,87,138,92,-75,-383,205,-179,-74,-181,-264,94,-187,13,78,-192,24,42,123,73,314,-319,-318,187,-73,-453,-236,-17,348,89,108,-55,-160,-26,296,111,-2,-78
-3995,-348,-61,-1834,-2632,1100,20,-155,-701,-1110,-2223,958,-321,-911,616,437,311,658,-56,-410,-490,367,-787,1054,-260,93,966,196,-192,-366,182,-768,277,551,733,-740,-676,222,-377,152,-23,173,-17,222,126,475,480,58,287,415,703,198,35,49,-53,332,-361,-291,-98,-387,264,231,20,119,-195,421,88,-535,21,-132,-125,-448,10,-175,181,12,172,-258,153,26,-102,-209,-143,764,-304,106,-90,-106,-210,-300,368,-431,167,-235,-47,230,83,-153,-66,-244,-30,369,-39,-223,394,303,-186,186,366,-152,-17,-167,72,327,94,82,162,267,-76,209,-273,55,42,345,-14,77,311,306
-4935,-815,-1635,-1648,-2009,133,-917,688,-1394,-1769,-1126,990,-600,-259,806,1002,-282,1049,-909,-676,-834,692,-329,460,132,1058,460,505,887,-718,-313,-867,13,620,-12,-282,386,422,-19,-342,-651,122,-984,120,8,81,-235,591,-94,462,169,-23,186,40,352,66,141,-9,-164,-166,-194,-41,-336,-57,-4,254,-92,-621,94,-149,435,-121,74,44,54,134,204,-335,235,-339,-90,-370,-120,332,-378,179,-189,-38,-430,-421,295,-138,-42,-442,-413,-388,381,-355,80,-124,-203,360,-326,102,-67,-77,-103,141,23,-195,-422,-138,-38,-185,59,199,72,-57,-487,327,-48,214,-252,-13,-282,419,35,-169
-4690,-1706,-92,-339,-3722,1471,-970,1861,644,-1644,-332,718,-1398,-564,495,183,1099,445,-198,834,-1178,301,549,511,-72,489,1050,1101,436,-849,-392,46,-359,178,617,452,359,120,-526,-584,154,162,-876,-275,27,543,268,28,13,251,-118,257,-115,-85,-7,417,-452,-397,130,-370,-542,-435,405,-470,178,78,131,-158,129,-588,461,335,-152,-443,118,424,134,32,193,-324,165,-61,-284,-116,-885,-218,168,271,-16,-410,269,-52,122,-136,-138,-62,964,-182,83,-779,58,121,-118,-161,-85,-218,-129,233,620,-303,275,-308,-282,-134,-201,-195,126,-119,-385,600,-240,55,-195,-265,0,431,-226,-304
-2319,2117,-1207,1436,1743,-2303,456,249,183,1444,2017,-1143,-570,453,-1139,137,-773,-174,348,-470,105,-532,-227,-69,52,482,-820,-486,-696,-792,436,-336,376,499,57,44,135,148,155,-314,-357,79,677,336,158,-249,109,-219,440,-343,227,866,224,195,-412,27,157,511,-231,-575,-164,-95,-620,7,-120,319,7,240,-272,-151,249,311,596,-81,208,35,-349,187,-95,279,-224,-310,47,161,-128,45,-396,47,242,-8,-261,-67,51,-642,344,39,-127,-199,298,-38,-315,209,-234,303,325,-322,-42,236,-7,62,254,286,219,219,235,-99,269,343,-357,116,147,-281,-411,294,-119,72,-369,-191
-2862,1728,-870,604,49,-321,1160,-182,-976,2113,780,-968,-318,12,-347,958,-682,774,-496,-952,622,756,28,-376,492,124,-527,-1599,63,506,482,-918,434,901,945,-1,1062,-193,-516,-361,-516,599,431,686,363,654,-222,-108,247,-239,-308,231,317,335,147,95,504,608,-70,19,-218,-550,-66,-52,66,624,92,308,-326,-151,402,315,470,-9,225,298,-78,22,-261,-165,297,-8,84,-93,-84,377,202,-152,392,528,-266,-168,-461,53,-91,116,120,-43,300,-87,-205,474,32,-61,-129,-401,-227,-407,199,69,124,119,223,-47,80,-113,193,96,-434,-29,-32,82,-110,-125,118,113,102,-383
4266,1290,1502,-4230,-2178,1368,1378,-176,-1034,1771,1327,-35,-1157,-814,1322,-1302,-367,-975,-631,-493,228,271,795,-969,-234,-864,561,184,-1389,-55,572,1095,-251,-35,-183,-1091,158,-1328,-879,224,-86,-274,663,573,-753,-897,-515,-160,26,243,-95,-305,338,-245,-298,281,-612,551,-53,231,-24,608,-167,-165,-211,-77,-595,465,-188,-60,-703,-252,-242,-190,-350,-63,193,476,-71,626,428,-122,-335,135,-154,-435,-276,135,396,257,209,-117,363,137,35,-180,403,-38,-315,-161,-236,-4,-6,-37,62,169,193,236,-70,-257,-232,-138,-361,94,244,-117,-355,95,-271,-63,560,-211,-5,385,-141,289,-387,-48
2350,1267,-881,-1627,-88,-696,107,441,-335,866,380,59,-710,-944,694,-1290,23,-363,-2160,-1493,713,239,-1956,-124,-353,-362,97,-38,306,176,311,302,-618,-92,814,587,509,-101,472,298,-837,-503,142,216,179,187,273,161,-144,176,-140,-78,298,626,-462,355,-413,-153,664,-23,11,195,-480,-14,212,340,37,375,279,161,227,-23,187,187,732,345,81,-278,127,124,91,-58,22,-359,356,-181,3,365,24,99,81,-136,292,-363,262,-500,191,-203,163,51,265,-303,94,-99,761,-218,692,-164,251,-337,5,110,350,97,-133,57,-182,225,78,-20,-135,5,-138,53,244,-38,100,-104
3633,1004,2302,-3386,-3758,2437,77,824,-1277,1848,1794,-392,-1230,-324,678,-1945,-772,-921,140,-1593,-179,429,996,-1436,-564,-512,1043,-118,-896,-558,423,858,330,-745,-4,-558,-637,-1092,-103,-739,-253,245,512,280,-189,-642,-345,-756,-354,313,344,-179,307,-521,-428,-49,-862,614,380,415,-96,477,-345,-553,-233,-283,-469,517,137,371,-1033,153,-43,-241,-251,-132,351,225,351,329,55,139,-65,-329,-18,-253,-124,86,255,555,-220,-254,334,217,-449,-256,213,205,-278,-114,-250,54,-537,71,98,229,398,358,-162,-158,88,168,-521,50,555,183,-622,222,-429,-313,-329,-439,322,142,34,247,-256,221
1744,1957,378,1473,-2941,-1940,298,-142,-914,896,310,1245,-573,-1678,1025,-691,630,351,1241,345,131,1483,1455,-550,-270,-234,332,367,-945,-361,-712,407,-138,-1259,637,463,-396,-1047,-393,-540,-771,951,8,103,-588,-556,318,-937,214,72,-389,721,374,10,-45,259,537,936,273,276,-487,329,589,-165,-670,175,-9,871,-62,-208,-294,97,-59,-758,679,-134,494,0,-478,-265,18,-342,23,-514,-130,-78,-109,-552,-313,37,264,-103,-182,22,105,-145,-9,100,227,-344,-145,235,292,-153,-58,297,382,489,327,115,137,308,65,-55,-228,-30,316,216,-551,-140,-203,-180,-166,87,209,126,-168,-76
2579,1397,661,-413,-1625,-330,-594,117,-1853,1897,-698,2060,-982,-483,249,-629,886,7,1452,-529,132,515,1121,9,-394,-565,373,86,-781,-41,-246,-451,135,-1468,512,37,-186,-700,-1076,-100,144,653,390,178,-442,-560,-202,-439,803,-3,-154,352,582,-326,-263,572,199,-15,-176,256,-38,248,347,254,83,41,592,494,159,-384,-271,-22,-353,-476,101,-214,-498,122,-262,11,248,51,13,-226,-26,-221,-27,-462,236,-170,-433,-736,-95,-33,395,-603,195,-407,-119,-347,-277,385,230,-46,128,166,266,342,-39,244,-51,63,-84,-16,-75,46,145,-34,-42,-195,-51,-333,-307,-10,-212,-53,-60,-11
2038,-881,4069,-4588,-4827,-311,278,948,-292,-310,606,-1109,1228,-1281,1009,-743,935,-670,1342,-548,1139,330,-360,-1621,-186,-273,462,-451,-34,-645,-73,-333,189,-304,797,-718,-449,-260,185,-117,-230,41,125,443,-181,6,720,-381,-382,-511,769,940,-87,-664,-1148,-123,-426,602,365,375,270,119,21,-485,-432,222,509,1070,433,-187,-871,793,-662,400,379,-258,-50,-22,-27,-470,335,204,-346,-325,-263,-449,-153,313,215,111,-332,-251,723,-145,232,-96,-134,191,-101,-40,-139,368,-812,217,-439,402,217,33,-171,-16,55,-68,-21,109,368,-410,-611,-396,95,20,-254,504,-155,-332,274,314,-172,376
-5726,-691,-223,133,-831,-546,-482,1480,1766,933,1192,-556,-955,633,566,-892,1012,-513,1562,-526,457,-761,613,3,391,-84,-318,-188,-352,-129,357,-210,-607,-751,740,537,-359,304,-365,147,33,70,322,-384,374,18,398,-802,264,-176,262,-17,256,121,-483,-240,442,102,35,779,-387,506,445,194,-183,120,-260,880,326,-15,-23,-131,-138,-250,-39,228,-434,407,0,-181,-315,227,-90,-542,-285,496,-267,125,-119,217,-809,-196,-133,-42,-575,93,-371,12,11,-361,72,312,80,281,-237,155,57,596,263,-190,353,67,-316,231,231,-105,-84,-27,-180,348,257,-14,255,675,-173,-259,273,445
-5824,-46,-1603,-648,518,-765,176,-35,908,640,1653,-579,-1753,1166,256,-490,-21,-43,254,-664,535,-603,226,-337,447,-213,-957,78,-124,796,179,-43,-484,-521,-305,227,-30,-381,-60,-609,-403,247,454,-144,-145,271,-123,-331,-221,-301,390,-177,268,-184,25,-63,-532,270,-361,63,-92,227,-429,-301,-164,68,188,-77,253,20,21,-22,-65,-249,-3,-39,-60,14,82,174,-278,117,219,55,268,-93,-262,313,-22,-132,-263,88,-254,-294,-163,223,-64,-78,-246,226,86,1,163,193,59,240,7,348,161,-117,-147,209,159,-16,-34,-191,-318,231,-144,144,-6,-275,142,233,10,-204,-141,379
-4358,-311,84,-2476,736,-1073,251,-425,-332,934,-495,359,590,-713,-14,-1289,-176,348,593,-767,719,-158,-1355,-154,-713,419,8,526,-593,179,38,76,85,732,-57,709,-141,-193,193,284,303,-607,-10,-178,134,-81,323,162,48,-44,380,-376,590,364,-148,159,-143,-67,76,-368,246,205,51,432,-44,-184,-113,-264,384,35,150,-94,-168,-402,22,-162,-183,540,-143,234,-259,688,39,146,459,-13,-69,88,186,-287,349,-77,-167,65,-6,-21,61,-291,-234,86,-38,-61,-69,20,61,188,8,1,-234,242,148,428,235,-23,-84,-122,-323,-13,277,164,16,49,-178,-44,16,-108,-116,224
-5683,936,-114,21,293,671,318,360,1385,1280,526,-380,160,1528,466,-394,1452,-324,-106,-1317,583,-538,990,-519,-168,-205,-279,-657,-423,654,48,-382,-566,-285,-294,-74,490,-738,-690,-177,767,-490,514,-436,637,476,96,-150,-276,-198,256,285,330,-353,160,-155,254,427,-276,2,-588,-398,-331,438,56,217,327,61,42,187,-43,-99,55,164,51,-324,-26,192,80,-67,-195,166,128,100,6,52,-35,-326,222,40,-467,-359,-187,-253,43,10,-455,41,-60,-392,-26,168,161,305,119,-270,115,206,321,82,-2,55,3,77,-55,45,-312,275,-255,77,421,-248,18,125,-188,-22,-198,104
2548,2183,-134,2637,-2859,-94,-1062,-620,1104,142,1300,1171,-537,-271,445,366,-163,-187,-697,-836,656,-1400,181,-456,506,123,-362,932,-128,-256,-569,-303,25,-65,-885,299,-152,-45,1,73,-294,734,695,318,132,189,113,234,246,-56,581,9,649,784,-431,-221,560,37,8,-53,-45,-307,197,-139,-79,211,328,138,-250,391,177,166,-194,302,-74,168,43,441,443,-139,82,295,-207,-493,63,30,-350,113,39,-42,339,-284,-497,114,167,-33,-258,-6,212,151,51,-29,185,-191,97,209,-158,139,-193,162,-161,-100,-34,270,116,-68,95,-58,-229,-64,46,-435,51,-154,-119,-219,-324,-63
535,1813,1025,2103,-1221,-1021,-685,-1073,1282,554,851,404,741,-1462,471,621,-910,-353,-541,-880,-298,65,589,179,50,-200,76,1164,-486,320,-342,345,-354,-242,-409,306,119,-313,-43,177,-367,826,75,564,208,135,94,146,-274,-77,150,-57,272,573,-448,-395,231,353,-183,-138,138,54,431,-256,-403,-12,-144,-27,-500,243,611,-407,-272,109,-106,171,-137,192,127,-224,-24,-21,-98,-410,-211,-151,-6,-47,52,24,109,-181,-410,166,548,-14,-366,2,363,68,143,171,6,-14,-134,30,-475,309,134,72,271,222,-390,47,-37,-132,-22,157,-175,-23,-66,-157,2,-164,-245,41,41,-186
3789,2761,63,2683,-2198,-1507,-73,-1181,609,0,1065,500,-779,-1363,309,-646,-496,260,-411,-635,-44,-217,1094,-206,147,336,-378,739,60,225,-333,-291,196,-347,-25,205,-90,-834,-298,388,-211,1106,70,-69,298,153,248,444,115,-362,344,34,196,677,-445,86,216,68,-574,102,22,-9,373,-44,-88,194,88,431,-204,-89,250,-54,-10,230,89,-31,-14,72,316,-80,218,-85,45,-435,64,-100,-221,31,186,-169,-133,-192,-140,5,-69,-160,5,71,193,0,381,-78,79,20,152,-103,48,42,-344,78,-129,124,-28,-38,36,97,-10,-129,175,-249,5,-258,38,-159,67,-70,-257,89
2295,3112,339,1325,-1517,-42,-935,109,1848,741,1653,475,557,-1817,159,-410,-864,569,-947,-1132,-630,-219,1312,-178,507,437,-44,286,-361,-333,-250,-138,237,-184,-203,341,286,-456,232,-251,-467,259,383,622,380,222,-28,505,232,368,173,76,0,465,107,47,283,217,-181,386,-38,343,-12,-607,-298,-762,66,249,-238,325,35,373,-141,206,151,-254,-146,172,167,245,16,159,-168,-422,108,32,-396,114,-3,36,-99,54,-819,129,-120,34,-152,-80,188,114,-151,51,2,-179,-33,351,341,230,119,407,-191,399,0,205,179,-244,52,72,-171,25,-344,-210,-5,88,-204,-21,193,44
-715,-5796,5145,-928,-618,-2205,-1366,-1785,92,-750,-174,851,-571,-862,782,-665,-1230,-244,1110,765,-648,-533,161,-1642,34,-6,-85,445,320,-828,249,108,-56,-123,-794,1129,107,-326,-1068,-320,-157,257,146,125,538,219,212,-148,-385,650,325,-158,-836,-24,176,-345,50,-620,130,-390,-651,242,164,-115,-70,107,-314,-368,180,-72,434,-234,132,-104,-123,302,-554,-333,-355,330,-542,-77,-91,-176,-61,-201,-65,-96,-40,45,405,-252,-8,178,79,112,158,-414,391,-22,-85,-76,77,-13,-514,415,-418,-295,-22,113,152,-247,116,-113,-54,-251,17,101,36,-326,-165,-101,167,107,-405,-660,-232,278
5026,2885,-2447,-1083,-1396,1250,1473,-898,421,-1033,679,499,-353,-431,521,-2365,981,-976,-127,1449,-1930,-782,33,-404,67,-401,-629,-953,249,228,-29,1296,-352,268,-129,-872,-608,1036,-98,-57,-542,201,134,200,27,127,-419,-52,445,90,1094,-106,-482,396,-185,176,128,114,324,251,261,-644,-201,89,-130,137,-678,236,193,-28,-140,-470,-445,-169,200,-672,209,343,-418,-354,813,-228,-465,85,-339,-26,-340,173,610,81,108,-88,-40,344,-49,89,-348,-294,81,66,-116,-44,-13,-566,-59,113,210,-633,-67,68,134,205,51,-9,173,483,74,330,-75,-134,317,82,186,-108,-56,18,-236,-295
5502,1213,-1850,783,1813,931,2916,2302,-1561,-1811,63,-176,-110,1266,1141,848,477,-531,506,606,-598,-1620,186,870,225,888,626,-431,161,623,145,81,-318,1333,176,340,260,548,-393,653,-932,-344,863,-862,115,15,206,545,-618,-489,-7,-130,278,-383,-397,1776,-249,1158,631,-378,-845,-217,508,743,155,-388,-376,-338,237,-105,-33,-417,393,49,155,696,-4,-446,-181,330,-209,166,-421,-358,71,53,38,1,-145,87,5,216,30,316,100,185,-336,58,-123,-588,-46,-259,68,-362,-165,360,-103,157,-129,161,315,-138,-79,-58,206,-86,242,-97,460,-222,110,14,452,204,-65,-482,173,-102
7119,3654,-1012,-687,713,-2922,527,-320,-157,-388,2312,83,-764,-697,367,768,555,-556,-534,415,-948,-694,1574,-292,-701,-739,-544,154,-556,1108,415,-381,-621,783,92,195,544,119,-852,-537,-1245,105,245,279,50,-840,38,535,-677,-129,-613,415,-402,4,225,142,-530,-289,-41,200,319,34,707,36,-226,-483,-446,165,-773,284,10,212,388,-328,-236,280,7,338,470,192,311,-526,-231,249,20,335,255,-515,-502,165,373,-144,180,-379,-498,-72,108,-20,-1,-374,-68,326,-263,103,40,-103,213,27,-450,-561,220,-185,-204,279,351,6,198,-79,561,-82,254,137,-113,-230,-137,-641,146,-35
3150,1551,-3506,-1376,-1220,-94,655,-1032,369,-1641,-335,1506,273,-774,-508,-1879,892,-354,37,39,-1466,-212,88,34,966,-522,-464,227,383,699,160,247,838,895,-311,-442,51,702,-537,-564,-64,6,-196,181,390,-4,-579,-155,115,59,511,22,251,848,-450,768,-183,-13,-77,-285,-446,-1102,-42,184,257,-84,199,282,-62,-97,-121,-176,-151,-149,437,-541,-27,-95,-72,741,435,151,-1,346,-129,-144,-409,-120,499,-189,-74,269,-483,197,-139,-222,37,-259,224,351,92,326,-370,-357,129,-83,171,-400,253,-70,-127,265,-73,40,-90,296,-253,151,-340,-280,483,-208,110,-1,-77,84,-9,-284
4061,2156,-440,-2451,-300,1690,2486,-844,-499,-2256,397,503,-410,-759,146,-1532,1255,-46,-367,1037,-1618,60,-255,219,347,-1014,-635,-632,-454,889,0,1364,-80,1120,81,-875,68,199,-350,-132,111,482,86,-531,198,-159,-522,429,-237,48,972,-273,-548,837,-389,528,58,50,-254,-217,-260,-790,-110,-316,314,251,-423,33,529,-26,116,-121,-418,0,-450,-479,-67,113,-374,126,77,-484,-380,217,-396,-235,-503,171,667,-49,365,-35,-159,134,186,248,-813,-197,294,24,-199,6,-264,-342,106,-101,155,-419,502,93,-235,-12,-254,-29,133,414,380,104,56,-139,115,-43,289,191,463,-128,-156,81
5999,555,130,-1924,-3667,1221,598,-695,-2643,466,1643,-162,951,1426,670,-982,2112,-1456,-845,-380,397,-633,767,309,-736,-10,-281,-518,-1010,-872,812,1666,-430,300,-644,-426,468,-217,26,-453,-187,329,241,491,-713,-593,-830,50,-194,-264,203,8,-280,-370,440,-123,15,-301,96,117,567,-391,-20,-255,-302,-177,-667,-154,26,-45,-221,27,-143,109,251,-387,-418,330,-82,241,6,-489,199,344,-266,-513,215,177,84,-27,-150,37,-21,-169,-105,-340,-124,84,238,-614,-41,-235,21,326,543,-10,-520,36,-197,-282,183,-70,-166,195,646,-115,-241,-125,237,72,-57,60,-52,28,-67,-38,-144,-29
3799,1179,1149,433,176,-664,-413,1457,-1084,-1479,-506,1172,-1177,677,-296,1238,2319,-1250,100,-131,212,423,-560,54,-8,364,-406,-303,640,1396,-64,136,207,-539,-142,631,133,235,-320,61,-237,238,166,-529,-193,432,-404,387,-360,-469,-398,-408,326,-109,913,362,-244,315,402,-137,-87,54,-246,256,12,-124,-1020,-75,-639,368,490,-487,403,16,-96,-539,27,-11,314,-88,-307,-436,200,27,449,-363,-74,-73,161,-285,250,-130,138,108,238,484,-52,-520,149,-50,113,347,-75,-253,-71,509,585,112,86,288,-323,78,-637,-2,-355,192,-27,61,54,-113,-154,-71,37,469,-128,-18,22,30
2289,1812,-449,1224,-970,-565,482,19,1743,-248,-608,-237,-575,-3166,197,-112,-760,-63,-139,-504,-753,837,-536,-46,301,-871,-667,190,50,99,25,141,-125,-285,510,-95,443,330,146,290,-37,290,193,225,-157,68,226,-216,-252,382,488,393,-11,-156,-147,280,-275,385,289,-231,781,35,81,-243,804,-15,52,273,255,316,115,-45,-150,-240,31,392,118,-372,-254,91,175,234,353,-52,51,96,-519,-38,-469,-265,68,-121,-281,201,-308,381,-130,67,409,-200,78,128,-140,8,-60,203,32,-5,414,330,80,183,121,17,140,293,274,-149,108,98,45,37,305,-265,242,280,103,29
1860,-1842,1661,-2088,1876,-1787,-536,-235,836,-1196,-586,241,-821,-1664,518,-480,-64,-324,-884,-609,-330,882,-520,-100,1164,-1136,-152,-91,141,-13,1384,-709,-149,-180,-59,251,289,-349,1052,1146,395,72,-574,-616,-1071,113,65,570,304,-215,-329,235,-171,30,-828,915,-251,-140,-189,-383,329,289,-110,166,406,-19,336,-277,230,-478,-271,382,-746,-354,82,51,-96,-40,-771,41,-8,-119,-173,86,101,459,-56,-587,-177,4,75,-217,-428,-285,-64,135,84,-142,292,-357,157,-227,-429,-67,58,314,340,-220,103,302,-173,-114,227,-231,147,1,-68,89,-282,179,492,195,-100,-146,1,428,215,-71
1899,738,453,851,-254,-604,575,-398,2720,-183,-676,-238,-581,-1171,743,-89,-1638,-171,-334,-1031,-1359,81,-1010,-433,14,-1487,-1006,-78,-208,113,464,429,52,-57,515,-633,554,534,486,-103,-439,-17,310,72,-367,-403,289,-282,-376,154,355,109,46,381,-346,-44,-607,-111,937,-288,-36,-292,-178,-53,1507,9,659,324,399,434,-386,-47,-299,197,-394,132,-255,290,169,221,152,38,145,112,102,90,97,-250,-36,-276,-170,-399,160,297,-55,-266,-220,188,-108,-45,-277,17,-159,0,291,-363,287,-199,128,136,-115,254,291,-186,-28,133,-262,-526,58,78,-115,157,184,-113,-66,26,-236,149
-896,1493,1457,-1250,-642,1392,-2015,-42,923,-963,397,-353,80,207,993,-1541,-1420,-685,6,-1194,126,617,-411,-329,68,-782,-491,-507,-216,939,819,-231,-652,70,261,-987,-458,-209,-113,45,-673,315,32,-52,-180,-91,318,-385,-757,224,327,285,211,-60,-322,-1,180,442,378,-471,-43,-32,-32,597,136,167,154,-88,280,-52,-52,-223,63,267,-226,75,-189,41,204,6,121,-640,557,13,-225,-47,-63,-12,-255,-152,-49,-158,-110,236,213,188,39,5,-206,-184,33,83,-77,22,-24,-91,260,-365,170,240,-43,399,-195,39,-202,444,82,-210,143,-85,-37,222,-86,106,-108,-199,-254,-76
4384,1879,3325,-3316,-1959,-2932,413,1109,-713,113,442,-658,618,-176,246,-565,46,1844,-578,-564,652,-519,925,159,-270,-1000,-37,652,115,256,165,-783,-240,499,-142,-577,-118,-793,298,-318,79,56,719,-49,-494,-123,-191,135,91,-60,-15,-792,-52,186,-157,-50,-442,-743,-198,488,438,396,-189,-17,-33,-501,62,-189,-146,-252,-143,532,197,254,217,-497,-161,341,-126,298,-301,-329,29,299,8,-311,213,-13,-264,-300,-73,-350,485,-173,235,-222,111,420,-101,15,348,70,-132,-28,154,375,253,-52,513,75,-227,-105,-75,528,35,15,-86,-264,172,-251,-91,-321,64,-457,137,-180,10,-256
3973,2007,1074,-1763,-1643,-745,1290,-2692,-128,-1511,956,-956,-1543,-529,1204,-524,-483,417,-182,583,158,-71,765,280,7,-705,235,175,-69,1372,-530,597,-669,678,866,454,-624,-227,446,-607,-34,261,-131,-844,100,183,-78,594,571,-16,-192,268,-45,102,393,22,267,318,112,-384,-481,629,-10,-2,781,398,-252,-161,-280,175,-419,-542,-173,573,84,-298,-168,-366,292,386,583,30,-148,409,282,719,-788,92,-33,421,74,412,189,-227,683,592,192,129,-159,43,-191,-134,0,94,-578,-596,11,67,136,216,268,-162,-312,18,26,200,-330,279,165,158,57,-338,126,90,-348,-389,-59,106
-1224,1071,1344,-634,-1725,291,-435,-2186,1439,226,-941,-342,326,616,68,-1227,-880,-434,-273,-146,-173,-260,-148,643,-56,172,201,-65,-164,394,107,-175,-400,-608,440,-240,326,-99,293,178,-560,26,-21,-215,-208,439,-87,172,532,-40,238,-293,-149,484,37,185,-201,-310,96,52,-323,-305,-316,-374,-152,201,-147,270,55,-533,119,-165,287,235,-29,257,-755,-89,-9,56,296,325,-409,116,-328,309,265,277,-86,352,-17,730,74,-34,-4,-137,-370,154,184,-10,-524,-37,51,70,-23,-296,-89,131,269,170,-18,-570,-191,65,69,-400,302,-111,210,-38,-128,-72,-246,62,-268,-117,123,42
2143,-1637,4551,-1905,-2575,1123,-876,-1118,-491,1242,1251,411,-1761,896,-464,-1530,-734,-617,553,-1406,-827,145,359,-913,-300,152,416,506,27,-865,522,486,-326,-15,480,-5,-700,-873,-1074,332,-390,-22,251,-54,-166,-57,-230,-689,37,248,329,-409,243,-303,-429,-67,-610,146,4,39,-389,392,76,104,128,100,-206,417,96,135,-794,131,-47,291,-135,-398,-79,-50,-144,476,89,44,376,87,223,-79,-109,-69,299,416,-267,101,-98,-204,195,-20,391,486,86,203,-254,327,-117,410,-121,133,-134,-51,212,-38,-45,93,-68,-98,275,-40,-49,-241,157,-393,107,-310,26,87,70,-42,67,-31
3139,2863,210,-2634,-2481,-330,-268,-1548,906,1177,-388,-807,-1127,-2415,682,-296,-520,1123,-414,793,-1093,86,-37,-22,-306,-638,112,-343,360,859,-767,829,-714,227,971,529,264,-484,-198,522,-191,-86,244,-406,195,296,-161,-270,795,-61,-33,-178,517,-127,141,552,-195,20,-497,191,-543,292,125,-283,82,300,128,-153,352,-79,-13,222,308,125,119,246,-259,-453,112,-19,99,374,-31,236,-30,13,-595,-420,-13,500,311,290,-198,-283,274,205,200,337,63,25,-423,-285,-82,211,-48,-256,11,187,-174,-156,-56,264,-34,-17,102,-45,-222,309,165,265,6,-323,397,-55,-235,-262,35,288
1756,2820,1706,-1486,-2526,93,-243,-1541,1305,715,-1603,-158,-1727,-754,464,-359,-333,361,-407,629,-255,-23,42,506,-1040,-352,-85,804,95,566,-519,732,-263,427,387,-387,-256,187,333,671,-327,242,88,-667,71,72,-257,0,827,381,331,216,146,201,118,-268,-91,239,-218,-585,-962,-195,131,191,281,9,160,281,135,-69,174,180,91,83,114,44,-557,-97,41,176,41,435,-531,505,-415,138,-26,-265,-27,297,426,506,-146,-131,213,-179,-408,331,604,-13,-480,-146,204,216,116,-560,132,242,72,6,161,-205,192,-218,377,-68,344,106,-71,78,165,81,67,136,-34,-154,-141,190
-1754,2698,2822,-916,-443,-1009,-660,-1201,399,2,-372,78,894,-423,394,236,-535,-1204,-448,211,-231,-251,586,-256,-250,252,439,-429,-719,1001,-163,-19,-514,-389,479,119,-411,-387,280,349,302,295,-236,-405,186,149,-373,490,-425,107,432,252,-180,-341,-258,-457,-314,52,529,180,-587,-326,234,-320,-410,-314,-150,-16,-702,-228,16,-103,286,714,-164,177,-110,181,345,75,414,468,275,103,-436,82,-13,579,378,249,-186,786,185,200,-82,88,-420,-97,-13,179,-434,-554,-102,511,-167,-76,49,-260,114,267,135,-29,-13,-78,226,-190,-145,398,-178,-61,-154,-182,-392,47,184,57,307,-79
-696,1391,1921,-319,-966,-458,-2488,-475,1250,-161,232,37,431,346,-759,663,-665,1439,225,-843,-654,-351,561,-237,439,-472,171,-250,-567,54,438,-394,-463,-386,-269,-412,-140,692,202,-382,70,-149,312,467,-333,109,-93,27,-772,-169,-65,-221,208,234,-479,545,-98,-387,343,704,-429,-268,357,-40,-32,158,-92,192,-140,-257,187,-79,148,-57,8,162,-164,-215,1,214,127,-61,106,-14,259,109,159,110,17,154,-67,126,-315,130,146,-170,24,312,-24,-125,72,-155,128,-1,-130,88,-5,184,183,124,-159,151,-99,74,-20,-115,285,76,-24,201,-137,91,-13,204,-309,-138,62,-201
-1970,1536,1525,-772,464,108,-1057,-733,1901,-1186,721,-283,1679,-378,-141,-184,516,1380,-261,-263,-179,-751,-213,99,108,-215,48,-38,-729,-24,-416,-335,-1000,-389,-321,-16,618,203,456,-446,82,153,444,74,233,-314,-34,228,-261,165,1,41,-60,-265,-187,626,-263,-680,373,-40,-680,-595,223,28,144,-199,336,-163,-189,22,194,-8,146,88,-313,476,-341,-319,16,155,112,50,-155,-331,26,-83,482,200,-98,-138,1,215,43,-185,258,-350,-66,188,-146,-625,255,-139,-147,39,75,-63,183,356,241,-158,-218,-7,-242,-152,49,109,24,197,126,148,22,-64,-217,-15,-121,-168,-121,435
2148,2477,3982,-1725,-1534,-593,-1465,995,1695,-82,677,32,588,196,-97,-108,1103,187,-1159,-790,617,337,769,449,734,-181,-233,981,-418,-321,-454,-698,14,-21,271,-45,-373,74,490,424,36,444,-215,88,548,-511,174,-76,-90,87,-385,-515,-276,227,347,-201,209,-300,-371,557,287,158,-209,-423,-301,-221,-69,-82,-71,0,-358,389,387,430,43,-261,-733,442,-138,-41,-83,37,37,-276,262,-26,-204,18,251,-332,-133,59,212,116,148,-222,-181,389,288,-187,450,-133,-41,151,-218,223,72,-189,220,7,-2,387,-127,123,-129,26,493,-27,-182,-53,235,-127,-161,-217,215,275,359,62
-1022,1182,2577,-485,-942,165,-1135,-1085,535,804,7,517,648,514,151,-892,91,725,-1405,-687,-852,812,206,393,519,176,327,694,-288,-808,-422,207,-224,-423,-871,-16,-177,222,162,396,59,243,183,-165,268,79,474,8,-2,44,-339,-612,-66,292,-27,269,27,52,77,207,-17,17,350,-139,-112,116,-367,-333,317,128,-385,-156,-224,-119,306,-96,-624,108,-372,139,-84,-66,126,-197,-119,-246,44,4,172,-175,-111,33,141,137,324,-221,-22,157,151,-245,26,-158,63,56,-79,-41,382,70,-93,-27,19,31,109,157,-67,-404,-9,-292,-96,11,-86,-362,103,243,-195,-248,311,2
-351,1837,2459,-1491,-359,-1296,-1667,-815,2160,-263,700,-585,180,-904,-461,158,-175,1063,-33,-322,-230,294,269,341,228,-711,146,476,-587,228,43,-420,-19,-221,9,205,444,322,594,250,75,-147,-23,46,-259,75,6,75,-625,336,-277,-359,-487,-22,-360,284,30,488,69,735,-293,84,216,-442,-253,-18,-280,-217,-80,-251,331,158,186,305,385,-76,-372,13,-148,342,300,-31,425,-35,128,52,170,-124,277,-283,-19,-232,-73,157,283,-212,119,335,159,62,182,-275,-318,194,189,424,-164,267,250,-27,-172,-54,82,88,126,126,43,250,37,-79,80,-130,-29,-203,16,7,301,100
